CellID,orig.ident,nCount_RNA,nFeature_RNA,RNA_snn_res.0.5,seurat_clusters,injury.status
AAACCCAAGCACGTCC-1,cSCI_7d_2,4573,2193,3,3,cSCI_7d
AAACCCAGTTTACCTT-1,cSCI_7d_2,8184,2777,2,2,cSCI_7d
AAACGCTCAACCACGC-1,cSCI_7d_2,15012,4192,0,0,cSCI_7d
AAACGCTTCATTGCGA-1,cSCI_7d_2,24101,5215,0,0,cSCI_7d
AAAGAACGTTGAGTCT-1,cSCI_7d_2,12458,3989,2,2,cSCI_7d
AAAGGATTCTTCGATT-1,cSCI_7d_2,8227,3168,1,1,cSCI_7d
AAAGTCCAGAAATGGG-1,cSCI_7d_2,13941,4206,0,0,cSCI_7d
AAAGTCCGTGATCGTT-1,cSCI_7d_2,14462,4828,1,1,cSCI_7d
AAAGTGAGTGGGCTCT-1,cSCI_7d_2,4477,2211,1,1,cSCI_7d
AAAGTGATCCGATAAC-1,cSCI_7d_2,4648,2359,1,1,cSCI_7d
AAAGTGATCTCAACGA-1,cSCI_7d_2,7868,3014,2,2,cSCI_7d
AAATGGACATACCATG-1,cSCI_7d_2,8619,3289,3,3,cSCI_7d
AACAAAGAGCCTGACC-1,cSCI_7d_2,12990,4046,0,0,cSCI_7d
AACAAAGGTAGCTCGC-1,cSCI_7d_2,5972,2605,1,1,cSCI_7d
AACAAAGTCGGTTGTA-1,cSCI_7d_2,10016,3458,0,0,cSCI_7d
AACAAGAGTAATTAGG-1,cSCI_7d_2,9200,3351,0,0,cSCI_7d
AACACACGTATTAAGG-1,cSCI_7d_2,8495,3156,2,2,cSCI_7d
AACACACGTGCTGATT-1,cSCI_7d_2,11523,3694,0,0,cSCI_7d
AACAGGGTCTATTCGT-1,cSCI_7d_2,14253,4138,0,0,cSCI_7d
AACCAACCAATGCTCA-1,cSCI_7d_2,9714,3184,1,1,cSCI_7d
AACCAACGTTTACTGG-1,cSCI_7d_2,5218,2443,3,3,cSCI_7d
AACCACAGTGTAAATG-1,cSCI_7d_2,9179,3354,3,3,cSCI_7d
AACCACAGTTGCCAAT-1,cSCI_7d_2,7221,2661,1,1,cSCI_7d
AACCATGCAGTGTGCC-1,cSCI_7d_2,11653,3790,0,0,cSCI_7d
AACCCAACAGACACAG-1,cSCI_7d_2,18777,4731,1,1,cSCI_7d
AACCCAAGTAAGTTAG-1,cSCI_7d_2,8721,3251,3,3,cSCI_7d
AACCTGAAGGATTTAG-1,cSCI_7d_2,7276,2929,0,0,cSCI_7d
AACCTGAGTTCATCGA-1,cSCI_7d_2,16652,4369,0,0,cSCI_7d
AACCTTTGTTTGCAGT-1,cSCI_7d_2,9443,3236,1,1,cSCI_7d
AACGAAAGTATACCCA-1,cSCI_7d_2,21476,4986,0,0,cSCI_7d
AACGGGAAGCTCCGAC-1,cSCI_7d_2,8318,3216,0,0,cSCI_7d
AACGGGAGTCTGGTTA-1,cSCI_7d_2,16111,4753,2,2,cSCI_7d
AACGGGATCAAATGCC-1,cSCI_7d_2,19045,4683,0,0,cSCI_7d
AACGTCACAAATGCGG-1,cSCI_7d_2,8998,3037,0,0,cSCI_7d
AAGAACAAGCCTGTCG-1,cSCI_7d_2,8375,3150,1,1,cSCI_7d
AAGAACACAAACAGGC-1,cSCI_7d_2,6180,2628,1,1,cSCI_7d
AAGAACAGTACGATCT-1,cSCI_7d_2,19263,4879,0,0,cSCI_7d
AAGAACAGTACTAAGA-1,cSCI_7d_2,7365,2866,1,1,cSCI_7d
AAGACAAAGAATCGAT-1,cSCI_7d_2,6223,2723,1,1,cSCI_7d
AAGACAAAGGTGATAT-1,cSCI_7d_2,14819,4280,2,2,cSCI_7d
AAGACAAGTCCTGGGT-1,cSCI_7d_2,4481,2153,1,1,cSCI_7d
AAGACTCAGGATTCCT-1,cSCI_7d_2,10103,3423,1,1,cSCI_7d
AAGACTCCATAAGCGG-1,cSCI_7d_2,5536,2450,1,1,cSCI_7d
AAGATAGTCACCCATC-1,cSCI_7d_2,6055,2555,1,1,cSCI_7d
AAGCATCGTAGCGATG-1,cSCI_7d_2,6966,2951,1,1,cSCI_7d
AAGCCATCAAACCACT-1,cSCI_7d_2,8319,2866,1,1,cSCI_7d
AAGCCATGTCTCTCTG-1,cSCI_7d_2,6061,2574,1,1,cSCI_7d
AAGCGAGAGCACAAAT-1,cSCI_7d_2,8075,3024,1,1,cSCI_7d
AAGCGAGAGGTTAGTA-1,cSCI_7d_2,15137,4417,2,2,cSCI_7d
AAGCGAGCACCAGGTC-1,cSCI_7d_2,6420,2436,3,3,cSCI_7d
AAGCGAGCATAGGTAA-1,cSCI_7d_2,8259,3219,2,2,cSCI_7d
AAGCGAGGTTAGAAAC-1,cSCI_7d_2,10904,3575,0,0,cSCI_7d
AAGCGAGGTTATGGTC-1,cSCI_7d_2,13519,4191,2,2,cSCI_7d
AAGCGAGTCTGGAAGG-1,cSCI_7d_2,11355,3965,2,2,cSCI_7d
AAGGAATCACTGCATA-1,cSCI_7d_2,8832,3207,1,1,cSCI_7d
AAGGTAAAGTCCCAGC-1,cSCI_7d_2,8310,2915,0,0,cSCI_7d
AAGGTAAGTGTCCACG-1,cSCI_7d_2,10952,3768,2,2,cSCI_7d
AAGGTAATCTTGCGCT-1,cSCI_7d_2,11208,3616,2,2,cSCI_7d
AAGTACCCAGCTATTG-1,cSCI_7d_2,10096,3472,0,0,cSCI_7d
AAGTACCGTTCCTTGC-1,cSCI_7d_2,36059,6257,3,3,cSCI_7d
AAGTACCTCCGAACGC-1,cSCI_7d_2,7476,2853,1,1,cSCI_7d
AAGTACCTCGACGAGA-1,cSCI_7d_2,11707,3512,2,2,cSCI_7d
AAGTACCTCGTTCAGA-1,cSCI_7d_2,9051,3080,1,1,cSCI_7d
AAGTACCTCTGGTTGA-1,cSCI_7d_2,26078,5609,2,2,cSCI_7d
AAGTCGTAGCAGGTCA-1,cSCI_7d_2,9392,3378,1,1,cSCI_7d
AAGTCGTAGTTAGAAC-1,cSCI_7d_2,11251,3871,3,3,cSCI_7d
AAGTGAAGTACTGAGG-1,cSCI_7d_2,9326,3287,2,2,cSCI_7d
AAGTGAAGTATGGAAT-1,cSCI_7d_2,14120,4357,0,0,cSCI_7d
AAGTGAAGTGCAATAA-1,cSCI_7d_2,14796,4242,2,2,cSCI_7d
AAGTTCGCACGCTGTG-1,cSCI_7d_2,8366,3577,1,1,cSCI_7d
AATAGAGAGTTGGCTT-1,cSCI_7d_2,18393,5196,3,3,cSCI_7d
AATAGAGTCACACGAT-1,cSCI_7d_2,23284,5140,0,0,cSCI_7d
AATCACGAGTTACTCG-1,cSCI_7d_2,7120,2744,1,1,cSCI_7d
AATCACGGTCGATGCC-1,cSCI_7d_2,8977,3228,0,0,cSCI_7d
AATCGACGTGGATACG-1,cSCI_7d_2,23569,5564,2,2,cSCI_7d
AATCGTGCAGCACCCA-1,cSCI_7d_2,9073,3292,0,0,cSCI_7d
AATGACCCAGGTGAGT-1,cSCI_7d_2,8673,3456,1,1,cSCI_7d
AATGGAATCCGGTAGC-1,cSCI_7d_2,6608,2717,1,1,cSCI_7d
AATGGCTTCGGACTGC-1,cSCI_7d_2,6791,2813,0,0,cSCI_7d
AATTCCTGTTATAGCC-1,cSCI_7d_2,19948,4663,0,0,cSCI_7d
AATTTCCCATGTGCTA-1,cSCI_7d_2,8619,3485,1,1,cSCI_7d
ACACAGTAGGTTCATC-1,cSCI_7d_2,21044,4977,2,2,cSCI_7d
ACACAGTGTCCACACG-1,cSCI_7d_2,5621,2335,1,1,cSCI_7d
ACACAGTGTCCGGTCA-1,cSCI_7d_2,7978,3188,1,1,cSCI_7d
ACACCAACAGAGTCTT-1,cSCI_7d_2,14454,3917,2,2,cSCI_7d
ACACCAAGTTCGGCTG-1,cSCI_7d_2,6334,2738,3,3,cSCI_7d
ACACCAATCTCATGCC-1,cSCI_7d_2,39127,6566,2,2,cSCI_7d
ACACGCGTCATCCTGC-1,cSCI_7d_2,20351,5096,0,0,cSCI_7d
ACACTGACAAGGGTCA-1,cSCI_7d_2,8772,3732,1,1,cSCI_7d
ACACTGATCCGATTAG-1,cSCI_7d_2,19403,5082,0,0,cSCI_7d
ACAGAAACACCAGCGT-1,cSCI_7d_2,8175,3067,2,2,cSCI_7d
ACAGCCGAGACTTGTC-1,cSCI_7d_2,6010,2612,1,1,cSCI_7d
ACAGGGACACACAGCC-1,cSCI_7d_2,39487,6715,2,2,cSCI_7d
ACAGGGATCTAATTCC-1,cSCI_7d_2,40743,7051,2,2,cSCI_7d
ACATCCCGTGTGAATA-1,cSCI_7d_2,12692,3857,1,1,cSCI_7d
ACATCCCTCAAGCGTT-1,cSCI_7d_2,13018,3947,2,2,cSCI_7d
ACATTTCGTGCCGAAA-1,cSCI_7d_2,8788,3023,1,1,cSCI_7d
ACATTTCTCGTCGATA-1,cSCI_7d_2,8127,3048,1,1,cSCI_7d
ACCAAACCAGAGCGTA-1,cSCI_7d_2,7138,2917,3,3,cSCI_7d
ACCAAACGTAAGGCCA-1,cSCI_7d_2,12853,3926,1,1,cSCI_7d
ACCACAACAATACCCA-1,cSCI_7d_2,16871,4400,0,0,cSCI_7d
ACCACAAGTATCGTAC-1,cSCI_7d_2,27267,4968,2,2,cSCI_7d
ACCACAAGTCACTCGG-1,cSCI_7d_2,5057,2276,1,1,cSCI_7d
ACCCAAATCCTTATGT-1,cSCI_7d_2,47201,7087,2,2,cSCI_7d
ACCCTCAAGGAACGAA-1,cSCI_7d_2,8441,3027,2,2,cSCI_7d
ACCCTTGAGCTCGACC-1,cSCI_7d_2,6557,2633,1,1,cSCI_7d
ACCCTTGCAGAAATTG-1,cSCI_7d_2,20479,4935,0,0,cSCI_7d
ACCCTTGTCGTGTTCC-1,cSCI_7d_2,12059,4022,0,0,cSCI_7d
ACCGTTCAGATCGCCC-1,cSCI_7d_2,7472,2958,1,1,cSCI_7d
ACCGTTCCATAAGATG-1,cSCI_7d_2,34448,6114,2,2,cSCI_7d
ACCGTTCCATACAGCT-1,cSCI_7d_2,13294,3618,1,1,cSCI_7d
ACCTACCAGCAGCAGT-1,cSCI_7d_2,17420,4744,0,0,cSCI_7d
ACCTACCAGGTAAAGG-1,cSCI_7d_2,5191,2586,1,1,cSCI_7d
ACCTACCGTTACCCTC-1,cSCI_7d_2,29955,5936,2,2,cSCI_7d
ACCTGAACAAAGAACT-1,cSCI_7d_2,10664,3219,3,3,cSCI_7d
ACCTGAATCGTCAACA-1,cSCI_7d_2,21351,5311,0,0,cSCI_7d
ACCTGTCAGGATTCCT-1,cSCI_7d_2,9763,3215,1,1,cSCI_7d
ACCTGTCGTGATGGCA-1,cSCI_7d_2,5028,2290,0,0,cSCI_7d
ACGATCATCGATACAC-1,cSCI_7d_2,5720,2408,1,1,cSCI_7d
ACGCACGAGCGCGTTC-1,cSCI_7d_2,6329,2788,1,1,cSCI_7d
ACGCACGAGGTTGACG-1,cSCI_7d_2,8720,3243,1,1,cSCI_7d
ACGGAAGGTATCAGGG-1,cSCI_7d_2,6396,2842,2,2,cSCI_7d
ACGGGTCCAACTCCAA-1,cSCI_7d_2,19794,4776,2,2,cSCI_7d
ACGGTCGAGGTGAGCT-1,cSCI_7d_2,4921,2325,1,1,cSCI_7d
ACGGTCGGTTCGGTCG-1,cSCI_7d_2,5138,2272,1,1,cSCI_7d
ACGGTCGGTTGTAAAG-1,cSCI_7d_2,10133,3457,2,2,cSCI_7d
ACGGTTATCTTCGTAT-1,cSCI_7d_2,6733,2589,1,1,cSCI_7d
ACGTAACGTTCTTCAT-1,cSCI_7d_2,7825,3094,1,1,cSCI_7d
ACGTAGTGTCGTATTG-1,cSCI_7d_2,17294,4573,0,0,cSCI_7d
ACGTAGTTCACAGTGT-1,cSCI_7d_2,16967,4631,2,2,cSCI_7d
ACGTCCTAGGAGAGGC-1,cSCI_7d_2,12858,4052,3,3,cSCI_7d
ACGTTCCAGATGAACT-1,cSCI_7d_2,8915,3147,3,3,cSCI_7d
ACGTTCCTCACCATGA-1,cSCI_7d_2,11214,3717,0,0,cSCI_7d
ACTACGACAGCTGAAG-1,cSCI_7d_2,8620,3083,1,1,cSCI_7d
ACTACGAGTATCGTGT-1,cSCI_7d_2,4242,2161,1,1,cSCI_7d
ACTATCTTCACATACG-1,cSCI_7d_2,11358,3138,3,3,cSCI_7d
ACTATGGGTGCAATGG-1,cSCI_7d_2,17098,4697,0,0,cSCI_7d
ACTATGGTCAGTCACA-1,cSCI_7d_2,11561,3362,0,0,cSCI_7d
ACTATTCCACTTCCTG-1,cSCI_7d_2,5383,2220,1,1,cSCI_7d
ACTATTCGTATCGTTG-1,cSCI_7d_2,10956,3512,3,3,cSCI_7d
ACTCCCAAGCGAAACC-1,cSCI_7d_2,28058,5824,2,2,cSCI_7d
ACTCCCACAAAGTATG-1,cSCI_7d_2,8642,3032,1,1,cSCI_7d
ACTCCCAGTATCACGT-1,cSCI_7d_2,10514,3522,0,0,cSCI_7d
ACTCCCAGTGTTTACG-1,cSCI_7d_2,16514,4399,0,0,cSCI_7d
ACTCCCATCGAAACAA-1,cSCI_7d_2,6770,2270,0,0,cSCI_7d
ACTCTCGAGCAGCCCT-1,cSCI_7d_2,10549,3400,1,1,cSCI_7d
ACTCTCGAGTACAACA-1,cSCI_7d_2,17629,4747,3,3,cSCI_7d
ACTGATGAGTGGAAAG-1,cSCI_7d_2,6393,2798,2,2,cSCI_7d
ACTGATGCAACTTGCA-1,cSCI_7d_2,6095,2350,2,2,cSCI_7d
ACTGCAAAGAACTGAT-1,cSCI_7d_2,12652,3961,2,2,cSCI_7d
ACTGCAAAGCGCCTAC-1,cSCI_7d_2,28004,5785,0,0,cSCI_7d
ACTGCAATCGCTTACC-1,cSCI_7d_2,4813,2062,2,2,cSCI_7d
ACTGTCCAGGACTGGT-1,cSCI_7d_2,20933,5111,0,0,cSCI_7d
ACTGTCCGTGTGTGGA-1,cSCI_7d_2,5871,2545,1,1,cSCI_7d
ACTGTCCTCTGTACAG-1,cSCI_7d_2,16781,4467,2,2,cSCI_7d
ACTGTGAGTGAGATAT-1,cSCI_7d_2,10965,3752,1,1,cSCI_7d
ACTTAGGCACCCTAGG-1,cSCI_7d_2,5208,2352,1,1,cSCI_7d
ACTTATCTCGCTACGG-1,cSCI_7d_2,40410,6302,0,0,cSCI_7d
ACTTCCGAGGACGCAT-1,cSCI_7d_2,8595,2960,0,0,cSCI_7d
ACTTCGCAGTTGAATG-1,cSCI_7d_2,8424,3282,0,0,cSCI_7d
ACTTTGTCATAACAGA-1,cSCI_7d_2,10297,3257,0,0,cSCI_7d
AGAAATGCAGCGGATA-1,cSCI_7d_2,8338,3641,1,1,cSCI_7d
AGAAATGGTATGAGCG-1,cSCI_7d_2,6667,2905,0,0,cSCI_7d
AGAACAAGTCAGATTC-1,cSCI_7d_2,30865,6306,0,0,cSCI_7d
AGAACAATCCCGAGAC-1,cSCI_7d_2,40572,6300,2,2,cSCI_7d
AGAAGCGCAAGCGAAC-1,cSCI_7d_2,7299,3062,3,3,cSCI_7d
AGAAGTACACAGCCAC-1,cSCI_7d_2,11083,3654,0,0,cSCI_7d
AGAAGTATCCCATAGA-1,cSCI_7d_2,11357,3785,0,0,cSCI_7d
AGACAAAAGCACTCCG-1,cSCI_7d_2,11425,3528,2,2,cSCI_7d
AGACAAACAACAGCTT-1,cSCI_7d_2,27065,5404,2,2,cSCI_7d
AGACAAAGTCTTCAAG-1,cSCI_7d_2,4955,2308,1,1,cSCI_7d
AGACAAATCAAACGAA-1,cSCI_7d_2,13103,3935,2,2,cSCI_7d
AGACAAATCATCCTAT-1,cSCI_7d_2,32244,6123,3,3,cSCI_7d
AGACACTGTTTCCCAC-1,cSCI_7d_2,21040,4989,2,2,cSCI_7d
AGACACTTCGCGCCAA-1,cSCI_7d_2,8198,2794,1,1,cSCI_7d
AGACACTTCGTTATCT-1,cSCI_7d_2,14444,3530,0,0,cSCI_7d
AGACCATGTATGGTTC-1,cSCI_7d_2,5051,2271,2,2,cSCI_7d
AGACCATGTCAACCTA-1,cSCI_7d_2,8180,3072,1,1,cSCI_7d
AGACCCGGTCCAGCAC-1,cSCI_7d_2,7008,2746,1,1,cSCI_7d
AGACCCGTCCGAAGGA-1,cSCI_7d_2,13485,3965,0,0,cSCI_7d
AGACTCAAGAGCTTTC-1,cSCI_7d_2,8999,3785,2,2,cSCI_7d
AGAGAATAGCCTGCCA-1,cSCI_7d_2,8494,3120,3,3,cSCI_7d
AGAGAATCAAGAATGT-1,cSCI_7d_2,18142,4871,0,0,cSCI_7d
AGAGAATGTGTTGACT-1,cSCI_7d_2,6415,2849,2,2,cSCI_7d
AGAGCAGAGAAGGCTC-1,cSCI_7d_2,5439,2452,1,1,cSCI_7d
AGAGCAGCACTTTATC-1,cSCI_7d_2,5130,2248,2,2,cSCI_7d
AGAGCAGCATCGGAAG-1,cSCI_7d_2,11815,3890,2,2,cSCI_7d
AGAGCCCAGCACCCAC-1,cSCI_7d_2,20228,4911,0,0,cSCI_7d
AGAGCCCGTAGAGATT-1,cSCI_7d_2,16896,4787,0,0,cSCI_7d
AGATAGAAGCCTGAGA-1,cSCI_7d_2,17875,4734,0,0,cSCI_7d
AGATAGAAGCGTATGG-1,cSCI_7d_2,19066,5144,0,0,cSCI_7d
AGATAGAAGCTAGATA-1,cSCI_7d_2,4879,2280,1,1,cSCI_7d
AGATAGACACACCTGG-1,cSCI_7d_2,14717,4076,0,0,cSCI_7d
AGATCCAAGCGTCTCG-1,cSCI_7d_2,8263,3204,2,2,cSCI_7d
AGATCGTAGCACCAGA-1,cSCI_7d_2,5277,2357,2,2,cSCI_7d
AGATGAAGTCATCCCT-1,cSCI_7d_2,5650,2469,1,1,cSCI_7d
AGATGAAGTCATCTAG-1,cSCI_7d_2,18729,4450,2,2,cSCI_7d
AGATGCTAGCAGGGAG-1,cSCI_7d_2,11823,3919,2,2,cSCI_7d
AGATGCTTCTCTTAAC-1,cSCI_7d_2,8029,2849,3,3,cSCI_7d
AGCATCAAGCTGTTAC-1,cSCI_7d_2,23028,5100,2,2,cSCI_7d
AGCATCACACTCGATA-1,cSCI_7d_2,17498,4795,0,0,cSCI_7d
AGCATCATCAAGATAG-1,cSCI_7d_2,13665,4174,0,0,cSCI_7d
AGCCAATAGGGCTGAT-1,cSCI_7d_2,10714,3642,2,2,cSCI_7d
AGCCAATAGTGCGACA-1,cSCI_7d_2,15379,4394,1,1,cSCI_7d
AGCCAGCGTCTCTCTG-1,cSCI_7d_2,10202,3403,2,2,cSCI_7d
AGCCAGCTCAGAGCGA-1,cSCI_7d_2,5650,2626,1,1,cSCI_7d
AGCCAGCTCCCTCGAT-1,cSCI_7d_2,21662,4661,2,2,cSCI_7d
AGCGATTCACTTGAGT-1,cSCI_7d_2,25139,5311,0,0,cSCI_7d
AGCGCCATCCATCAGA-1,cSCI_7d_2,32498,6007,0,0,cSCI_7d
AGCGCTGGTGAACTAA-1,cSCI_7d_2,16552,4676,0,0,cSCI_7d
AGCGCTGTCGATTTCT-1,cSCI_7d_2,38763,6944,2,2,cSCI_7d
AGCGCTGTCTGGAAGG-1,cSCI_7d_2,14889,4398,2,2,cSCI_7d
AGCGTATGTTCAAAGA-1,cSCI_7d_2,12433,4279,3,3,cSCI_7d
AGCGTCGCAGCGGTCT-1,cSCI_7d_2,12596,4261,0,0,cSCI_7d
AGCGTCGCATCTATCT-1,cSCI_7d_2,29774,5473,2,2,cSCI_7d
AGCGTCGGTACGATTC-1,cSCI_7d_2,6671,2930,1,1,cSCI_7d
AGCTACACAGGGTCTC-1,cSCI_7d_2,14116,3937,0,0,cSCI_7d
AGCTACAGTTGGATCT-1,cSCI_7d_2,10379,3364,0,0,cSCI_7d
AGCTCAAAGCCATCCG-1,cSCI_7d_2,8884,3114,1,1,cSCI_7d
AGCTCAAAGCCGGAAT-1,cSCI_7d_2,8305,3510,0,0,cSCI_7d
AGCTTCCGTTCCAAAC-1,cSCI_7d_2,16506,4450,0,0,cSCI_7d
AGGAAATGTACGAGTG-1,cSCI_7d_2,7981,3155,0,0,cSCI_7d
AGGAAATGTTGCTCAA-1,cSCI_7d_2,12935,4088,2,2,cSCI_7d
AGGACTTGTAATCAAG-1,cSCI_7d_2,6479,2761,1,1,cSCI_7d
AGGACTTGTTCAACGT-1,cSCI_7d_2,14535,4227,1,1,cSCI_7d
AGGACTTTCCCGTTGT-1,cSCI_7d_2,7176,2865,1,1,cSCI_7d
AGGAGGTAGATCCAAA-1,cSCI_7d_2,7746,3084,2,2,cSCI_7d
AGGAGGTAGCGACTTT-1,cSCI_7d_2,11423,3819,0,0,cSCI_7d
AGGAGGTGTTCTCCCA-1,cSCI_7d_2,12212,3813,3,3,cSCI_7d
AGGATAATCGGCTTGG-1,cSCI_7d_2,10134,3408,2,2,cSCI_7d
AGGCATTCAGCACAAG-1,cSCI_7d_2,11235,3786,3,3,cSCI_7d
AGGCATTGTCACCACG-1,cSCI_7d_2,24699,5414,2,2,cSCI_7d
AGGCTGCAGATTGAGT-1,cSCI_7d_2,5861,2747,1,1,cSCI_7d
AGGCTGCAGCTTGTTG-1,cSCI_7d_2,6389,2690,1,1,cSCI_7d
AGGCTGCCAACGCATT-1,cSCI_7d_2,8526,3084,2,2,cSCI_7d
AGGGAGTAGAGTCCGA-1,cSCI_7d_2,8709,3165,0,0,cSCI_7d
AGGGAGTGTCTCACAA-1,cSCI_7d_2,5448,2565,1,1,cSCI_7d
AGGGAGTTCTAATTCC-1,cSCI_7d_2,8201,3224,1,1,cSCI_7d
AGGGCCTTCATTTGCT-1,cSCI_7d_2,6973,2747,1,1,cSCI_7d
AGGGCTCCAGAGAGGG-1,cSCI_7d_2,8534,3173,0,0,cSCI_7d
AGGGCTCTCCAATGCA-1,cSCI_7d_2,21527,5099,0,0,cSCI_7d
AGGGTCCCAATAGTAG-1,cSCI_7d_2,13531,4036,0,0,cSCI_7d
AGGGTGAGTGCCGTAC-1,cSCI_7d_2,13174,4318,2,2,cSCI_7d
AGGGTGAGTGGCTAGA-1,cSCI_7d_2,14031,4252,0,0,cSCI_7d
AGGTAGGGTATAGGGC-1,cSCI_7d_2,8138,3287,2,2,cSCI_7d
AGGTAGGGTGAGTTTC-1,cSCI_7d_2,7178,3006,0,0,cSCI_7d
AGGTAGGTCCCTTCCC-1,cSCI_7d_2,8574,2994,1,1,cSCI_7d
AGGTCATCAGCAGAAC-1,cSCI_7d_2,6988,2834,1,1,cSCI_7d
AGGTCATGTTCAATCG-1,cSCI_7d_2,7914,3107,1,1,cSCI_7d
AGGTCATTCACCTCGT-1,cSCI_7d_2,7537,2702,2,2,cSCI_7d
AGGTCTAAGACGGTTG-1,cSCI_7d_2,23077,5509,2,2,cSCI_7d
AGGTCTAAGCCGCACT-1,cSCI_7d_2,11575,3332,0,0,cSCI_7d
AGGTCTACAATCTCGA-1,cSCI_7d_2,6861,2636,1,1,cSCI_7d
AGGTCTACACCTCAGG-1,cSCI_7d_2,16175,4415,2,2,cSCI_7d
AGGTTGTCAGGACTAG-1,cSCI_7d_2,13466,4184,2,2,cSCI_7d
AGGTTGTGTGCGTGCT-1,cSCI_7d_2,9698,3646,2,2,cSCI_7d
AGTAACCGTACCTATG-1,cSCI_7d_2,9313,3209,3,3,cSCI_7d
AGTACCAAGTATAACG-1,cSCI_7d_2,13638,4070,0,0,cSCI_7d
AGTACTGGTCTTACAG-1,cSCI_7d_2,10142,3242,1,1,cSCI_7d
AGTAGCTAGTGGCGAT-1,cSCI_7d_2,5869,2749,1,1,cSCI_7d
AGTAGCTGTGCGAACA-1,cSCI_7d_2,14417,4142,0,0,cSCI_7d
AGTAGCTGTGGTCTGC-1,cSCI_7d_2,13938,4305,0,0,cSCI_7d
AGTCATGTCTAAACGC-1,cSCI_7d_2,7531,3099,1,1,cSCI_7d
AGTCTCCGTAAGCAAT-1,cSCI_7d_2,18133,4524,2,2,cSCI_7d
AGTCTCCGTGCTCTCT-1,cSCI_7d_2,13590,3963,2,2,cSCI_7d
AGTGATCGTGCGGCTT-1,cSCI_7d_2,11167,3870,0,0,cSCI_7d
AGTGCCGAGCGTCAGA-1,cSCI_7d_2,4167,2161,3,3,cSCI_7d
AGTGCCGTCACGTCCT-1,cSCI_7d_2,10244,3486,2,2,cSCI_7d
AGTGTTGAGGACTGGT-1,cSCI_7d_2,5149,2469,1,1,cSCI_7d
ATACCGAGTTGAGTCT-1,cSCI_7d_2,6111,2630,1,1,cSCI_7d
ATACTTCAGGTTTGAA-1,cSCI_7d_2,5179,2235,1,1,cSCI_7d
ATACTTCGTGGAACCA-1,cSCI_7d_2,6189,2485,1,1,cSCI_7d
ATACTTCTCGGTAGGA-1,cSCI_7d_2,7386,3239,0,0,cSCI_7d
ATAGACCCAGAACATA-1,cSCI_7d_2,40281,6103,2,2,cSCI_7d
ATAGACCCATATACCG-1,cSCI_7d_2,5658,2444,1,1,cSCI_7d
ATAGACCCATGGTGGA-1,cSCI_7d_2,7463,3040,0,0,cSCI_7d
ATAGACCTCAGTGGGA-1,cSCI_7d_2,11434,3916,2,2,cSCI_7d
ATAGAGACACAAATAG-1,cSCI_7d_2,12338,3887,0,0,cSCI_7d
ATAGAGAGTTACACTG-1,cSCI_7d_2,4505,2165,1,1,cSCI_7d
ATAGGCTAGACAACTA-1,cSCI_7d_2,13899,4079,2,2,cSCI_7d
ATATCCTCAGAGTCTT-1,cSCI_7d_2,16332,3861,0,0,cSCI_7d
ATATCCTGTGCAATAA-1,cSCI_7d_2,24730,5084,0,0,cSCI_7d
ATCACAGGTATGAAGT-1,cSCI_7d_2,12722,3924,0,0,cSCI_7d
ATCACAGTCGCTCTCA-1,cSCI_7d_2,10732,3374,0,0,cSCI_7d
ATCACGAGTTTCCAAG-1,cSCI_7d_2,10361,3329,0,0,cSCI_7d
ATCACTTAGGAAGTGA-1,cSCI_7d_2,13441,4313,0,0,cSCI_7d
ATCAGGTCAAGTCCAT-1,cSCI_7d_2,16414,4295,0,0,cSCI_7d
ATCAGGTCATTCTGTT-1,cSCI_7d_2,30884,6209,2,2,cSCI_7d
ATCAGGTTCTTCGTGC-1,cSCI_7d_2,8689,3083,0,0,cSCI_7d
ATCATTCAGCCGATCC-1,cSCI_7d_2,7541,2813,3,3,cSCI_7d
ATCCACCAGACCAACG-1,cSCI_7d_2,19667,4655,0,0,cSCI_7d
ATCCATTAGGCGAACT-1,cSCI_7d_2,12616,3570,0,0,cSCI_7d
ATCCATTAGTTTCGGT-1,cSCI_7d_2,17860,4824,2,2,cSCI_7d
ATCCATTTCACTGCTC-1,cSCI_7d_2,16210,4113,2,2,cSCI_7d
ATCCGTCAGGCAGTCA-1,cSCI_7d_2,16332,4606,1,1,cSCI_7d
ATCCGTCTCCGTGCGA-1,cSCI_7d_2,6922,2579,0,0,cSCI_7d
ATCCGTCTCTACCCAC-1,cSCI_7d_2,10699,3088,1,1,cSCI_7d
ATCCTATAGTGTTGAA-1,cSCI_7d_2,6761,2821,1,1,cSCI_7d
ATCCTATTCGGTAGGA-1,cSCI_7d_2,5695,2568,1,1,cSCI_7d
ATCGATGAGAGTAACT-1,cSCI_7d_2,8366,3120,2,2,cSCI_7d
ATCGATGGTAAGAACT-1,cSCI_7d_2,6390,2725,3,3,cSCI_7d
ATCGCCTAGATAACAC-1,cSCI_7d_2,15930,4345,2,2,cSCI_7d
ATCGCCTCAGTGACCC-1,cSCI_7d_2,18972,4424,0,0,cSCI_7d
ATCGCCTCATGACCCG-1,cSCI_7d_2,17023,4641,0,0,cSCI_7d
ATCGCCTGTTGCCGAC-1,cSCI_7d_2,23988,5129,0,0,cSCI_7d
ATCGGATCACCCATAA-1,cSCI_7d_2,22185,5497,0,0,cSCI_7d
ATCGGATGTCGGCACT-1,cSCI_7d_2,7647,3200,3,3,cSCI_7d
ATCGTAGTCGACACTA-1,cSCI_7d_2,6136,2484,1,1,cSCI_7d
ATCGTCCGTCAGGTAG-1,cSCI_7d_2,7455,2842,0,0,cSCI_7d
ATCGTCCTCAGACAAA-1,cSCI_7d_2,10263,3096,1,1,cSCI_7d
ATCGTGAAGACTTGTC-1,cSCI_7d_2,5773,2641,1,1,cSCI_7d
ATCGTGAAGGTGATAT-1,cSCI_7d_2,12348,3946,0,0,cSCI_7d
ATCGTGACAAACACGG-1,cSCI_7d_2,18129,4514,2,2,cSCI_7d
ATCGTGAGTACCGTGC-1,cSCI_7d_2,13222,4117,1,1,cSCI_7d
ATCTCTACATGACTAC-1,cSCI_7d_2,39314,6361,0,0,cSCI_7d
ATCTTCAAGGCGTCCT-1,cSCI_7d_2,14921,4400,0,0,cSCI_7d
ATCTTCACAACACTAC-1,cSCI_7d_2,29608,5675,0,0,cSCI_7d
ATCTTCATCATGCATG-1,cSCI_7d_2,5870,2001,0,0,cSCI_7d
ATGAAAGCACGGTGCT-1,cSCI_7d_2,5944,2680,3,3,cSCI_7d
ATGAAAGTCTTAGCTT-1,cSCI_7d_2,7553,2853,1,1,cSCI_7d
ATGAGGGGTACGGTTT-1,cSCI_7d_2,6608,2949,0,0,cSCI_7d
ATGAGGGGTGCGAACA-1,cSCI_7d_2,17889,5171,0,0,cSCI_7d
ATGATCGTCCGCGATG-1,cSCI_7d_2,17556,4615,2,2,cSCI_7d
ATGCATGAGCGTCAAG-1,cSCI_7d_2,12815,4312,2,2,cSCI_7d
ATGCATGTCCATCAGA-1,cSCI_7d_2,15180,4123,2,2,cSCI_7d
ATGCATGTCTGGGCGT-1,cSCI_7d_2,4728,2224,3,3,cSCI_7d
ATGCCTCAGGGAGGGT-1,cSCI_7d_2,4874,2315,1,1,cSCI_7d
ATGCCTCCATGAGTAA-1,cSCI_7d_2,11004,3299,1,1,cSCI_7d
ATGCCTCGTCATTCCC-1,cSCI_7d_2,11991,3588,1,1,cSCI_7d
ATGCGATGTAAGGTCG-1,cSCI_7d_2,4330,2199,2,2,cSCI_7d
ATGCGATTCTTGCAGA-1,cSCI_7d_2,20496,4990,2,2,cSCI_7d
ATGGAGGAGGCCTTGC-1,cSCI_7d_2,16031,4491,0,0,cSCI_7d
ATGGAGGCAGCGATTT-1,cSCI_7d_2,9133,3354,2,2,cSCI_7d
ATGGAGGGTGCGCTCA-1,cSCI_7d_2,6590,2887,1,1,cSCI_7d
ATGGATCAGATGTTAG-1,cSCI_7d_2,15838,4460,2,2,cSCI_7d
ATGGATCTCGGATACT-1,cSCI_7d_2,10614,3415,1,1,cSCI_7d
ATGGGTTCAATTGCGT-1,cSCI_7d_2,10244,3599,3,3,cSCI_7d
ATGTCCCAGGCTATCT-1,cSCI_7d_2,29140,5791,0,0,cSCI_7d
ATGTCCCGTGCCCACA-1,cSCI_7d_2,9952,3600,0,0,cSCI_7d
ATGTCTTGTAGTCTGT-1,cSCI_7d_2,6671,3118,1,1,cSCI_7d
ATGTCTTTCCAGCAAT-1,cSCI_7d_2,10015,3406,0,0,cSCI_7d
ATTACCTCACTTACAG-1,cSCI_7d_2,35388,6254,0,0,cSCI_7d
ATTACCTTCATGCATG-1,cSCI_7d_2,14656,4120,0,0,cSCI_7d
ATTATCCAGAGTTCGG-1,cSCI_7d_2,13921,4095,0,0,cSCI_7d
ATTATCCCATGGTACT-1,cSCI_7d_2,26304,5735,0,0,cSCI_7d
ATTCACTCACCAGCGT-1,cSCI_7d_2,7396,2841,1,1,cSCI_7d
ATTCAGGAGTGCACCC-1,cSCI_7d_2,12833,4013,1,1,cSCI_7d
ATTCAGGCAAGCGAGT-1,cSCI_7d_2,7641,3094,3,3,cSCI_7d
ATTCAGGCATGGATCT-1,cSCI_7d_2,12527,3761,2,2,cSCI_7d
ATTCAGGGTCTCGACG-1,cSCI_7d_2,15264,4201,0,0,cSCI_7d
ATTCATCAGAATACAC-1,cSCI_7d_2,7287,2481,0,0,cSCI_7d
ATTCATCGTCCAGGTC-1,cSCI_7d_2,11767,3509,0,0,cSCI_7d
ATTCATCTCACTGTTT-1,cSCI_7d_2,23789,5149,0,0,cSCI_7d
ATTCCATAGCTAAGTA-1,cSCI_7d_2,5867,2646,1,1,cSCI_7d
ATTCCATCAATAGAGT-1,cSCI_7d_2,9418,3317,1,1,cSCI_7d
ATTCCATGTTCCTAAG-1,cSCI_7d_2,26623,5376,0,0,cSCI_7d
ATTCCCGTCTTTCCGG-1,cSCI_7d_2,41107,6469,2,2,cSCI_7d
ATTCGTTTCGTTTACT-1,cSCI_7d_2,4848,2320,1,1,cSCI_7d
ATTCTACCAATCAGCT-1,cSCI_7d_2,7662,2626,1,1,cSCI_7d
ATTCTACCAATGGCAG-1,cSCI_7d_2,11517,3452,2,2,cSCI_7d
ATTCTACTCTACCTTA-1,cSCI_7d_2,11891,3690,0,0,cSCI_7d
ATTCTTGAGATGGCGT-1,cSCI_7d_2,11143,4032,0,0,cSCI_7d
ATTGGGTCAATACGAA-1,cSCI_7d_2,7695,3070,1,1,cSCI_7d
ATTGGGTGTAACGATA-1,cSCI_7d_2,5216,2440,1,1,cSCI_7d
ATTGTTCAGACCTCCG-1,cSCI_7d_2,22475,4821,0,0,cSCI_7d
ATTGTTCAGGATTACA-1,cSCI_7d_2,8078,2902,2,2,cSCI_7d
ATTGTTCTCTCACTCG-1,cSCI_7d_2,12572,3731,0,0,cSCI_7d
ATTTACCGTAGCCAGA-1,cSCI_7d_2,19727,4682,0,0,cSCI_7d
ATTTACCGTCAAGCGA-1,cSCI_7d_2,17203,4325,0,0,cSCI_7d
ATTTACCTCAATGTCG-1,cSCI_7d_2,17698,4484,2,2,cSCI_7d
ATTTCACCAGAATGTA-1,cSCI_7d_2,8517,3149,2,2,cSCI_7d
ATTTCTGGTGAATAAC-1,cSCI_7d_2,10789,3424,3,3,cSCI_7d
CAAAGAATCTCAGAAC-1,cSCI_7d_2,14251,3971,2,2,cSCI_7d
CAACAACAGGGTACGT-1,cSCI_7d_2,16637,4447,0,0,cSCI_7d
CAACAACAGTAGAGTT-1,cSCI_7d_2,8798,3206,0,0,cSCI_7d
CAACAACCAATCACGT-1,cSCI_7d_2,11794,3587,2,2,cSCI_7d
CAACAACTCTAGGAAA-1,cSCI_7d_2,15965,4714,1,1,cSCI_7d
CAACAGTAGTAAACAC-1,cSCI_7d_2,12918,3719,3,3,cSCI_7d
CAACAGTCAGCGTAGA-1,cSCI_7d_2,14237,4058,2,2,cSCI_7d
CAACCAATCGGAGATG-1,cSCI_7d_2,20711,5068,2,2,cSCI_7d
CAACCTCAGAACAAGG-1,cSCI_7d_2,12744,3926,2,2,cSCI_7d
CAACGATGTGGACCAA-1,cSCI_7d_2,18907,4745,2,2,cSCI_7d
CAACGATTCTGTCCGT-1,cSCI_7d_2,23638,5040,3,3,cSCI_7d
CAAGACTCAGCTGTAT-1,cSCI_7d_2,18730,4575,2,2,cSCI_7d
CAAGACTCATCACGGC-1,cSCI_7d_2,18039,4537,0,0,cSCI_7d
CAAGACTGTTGGGTTT-1,cSCI_7d_2,9101,3325,2,2,cSCI_7d
CAAGAGGAGTCTACCA-1,cSCI_7d_2,13625,4049,2,2,cSCI_7d
CAAGAGGGTGGTGATG-1,cSCI_7d_2,5114,2540,1,1,cSCI_7d
CAAGAGGTCGAACACT-1,cSCI_7d_2,6569,2645,2,2,cSCI_7d
CAATACGCAATTGCTG-1,cSCI_7d_2,12574,4069,1,1,cSCI_7d
CAATCGAAGGTCATAA-1,cSCI_7d_2,6702,2792,3,3,cSCI_7d
CAATCGAGTGACCGAA-1,cSCI_7d_2,3861,2045,1,1,cSCI_7d
CAATGACAGCGCACAA-1,cSCI_7d_2,9960,3180,3,3,cSCI_7d
CAATGACGTTGCCAAT-1,cSCI_7d_2,11004,3546,2,2,cSCI_7d
CACAACACAGCACCCA-1,cSCI_7d_2,13605,3810,1,1,cSCI_7d
CACACAAAGCTAATCC-1,cSCI_7d_2,13089,3514,1,1,cSCI_7d
CACACAAAGTCTCGTA-1,cSCI_7d_2,12101,3790,0,0,cSCI_7d
CACAGATAGGTTAGTA-1,cSCI_7d_2,4921,2437,1,1,cSCI_7d
CACAGATGTGAGCAGT-1,cSCI_7d_2,9472,3415,1,1,cSCI_7d
CACAGATTCTTTGGAG-1,cSCI_7d_2,4880,2282,1,1,cSCI_7d
CACAGGCCACGGCTAC-1,cSCI_7d_2,22107,5015,0,0,cSCI_7d
CACAGGCCATCAGCAT-1,cSCI_7d_2,15276,4260,3,3,cSCI_7d
CACCGTTGTCCCTAAA-1,cSCI_7d_2,15086,4532,0,0,cSCI_7d
CACCGTTGTTGCTCGG-1,cSCI_7d_2,10390,3526,2,2,cSCI_7d
CACCGTTTCACGGACC-1,cSCI_7d_2,9153,3041,1,1,cSCI_7d
CACGAATAGCTTCTAG-1,cSCI_7d_2,9218,3452,0,0,cSCI_7d
CACGAATCAGGACATG-1,cSCI_7d_2,14939,3913,0,0,cSCI_7d
CACGAATGTAGTAAGT-1,cSCI_7d_2,17265,4505,2,2,cSCI_7d
CACGAATGTTATCTGG-1,cSCI_7d_2,24000,5326,2,2,cSCI_7d
CACGGGTTCTATGTGG-1,cSCI_7d_2,17820,4428,2,2,cSCI_7d
CACGTGGCAGCTTCGG-1,cSCI_7d_2,11005,3622,0,0,cSCI_7d
CACGTGGGTAGGTTTC-1,cSCI_7d_2,7235,2970,1,1,cSCI_7d
CACTAAGAGCCTGTGC-1,cSCI_7d_2,5804,2677,1,1,cSCI_7d
CACTAAGTCGCTTAAG-1,cSCI_7d_2,9320,3276,1,1,cSCI_7d
CACTGAAGTCGCATTA-1,cSCI_7d_2,6479,2629,3,3,cSCI_7d
CACTGGGAGGCAGCTA-1,cSCI_7d_2,14646,4505,2,2,cSCI_7d
CACTGGGCAAACTAAG-1,cSCI_7d_2,12209,3830,0,0,cSCI_7d
CACTGGGCACCCTGAG-1,cSCI_7d_2,30117,5725,2,2,cSCI_7d
CACTGGGTCAACACGT-1,cSCI_7d_2,20372,4891,3,3,cSCI_7d
CAGAGCCCAACCCTCT-1,cSCI_7d_2,24367,5389,0,0,cSCI_7d
CAGAGCCTCCACGTGG-1,cSCI_7d_2,12344,3928,0,0,cSCI_7d
CAGAGCCTCCTCTCTT-1,cSCI_7d_2,9161,2909,1,1,cSCI_7d
CAGATACAGACAGCTG-1,cSCI_7d_2,8501,3053,1,1,cSCI_7d
CAGATACTCTACAGGT-1,cSCI_7d_2,10403,3433,1,1,cSCI_7d
CAGATACTCTTTCCGG-1,cSCI_7d_2,27179,5551,0,0,cSCI_7d
CAGATCACAGGTGACA-1,cSCI_7d_2,9466,3846,1,1,cSCI_7d
CAGATTGAGGAGACCT-1,cSCI_7d_2,14086,4306,0,0,cSCI_7d
CAGATTGCACTAGGTT-1,cSCI_7d_2,8294,3483,0,0,cSCI_7d
CAGATTGGTGTGATGG-1,cSCI_7d_2,9639,3542,2,2,cSCI_7d
CAGCAATTCTTGTGCC-1,cSCI_7d_2,17681,4549,0,0,cSCI_7d
CAGCACGTCAACTACG-1,cSCI_7d_2,42708,6685,2,2,cSCI_7d
CAGCAGCCAACTTGGT-1,cSCI_7d_2,13962,4441,2,2,cSCI_7d
CAGCAGCGTTCAAGGG-1,cSCI_7d_2,5862,2634,1,1,cSCI_7d
CAGCCAGAGCGCATCC-1,cSCI_7d_2,7485,2982,0,0,cSCI_7d
CAGCCAGAGGATGTTA-1,cSCI_7d_2,17059,4842,0,0,cSCI_7d
CAGCCAGCAACCAACT-1,cSCI_7d_2,21534,4830,2,2,cSCI_7d
CAGCCAGCACAACCGC-1,cSCI_7d_2,22059,5286,2,2,cSCI_7d
CAGCCAGTCAGGAAGC-1,cSCI_7d_2,5960,2573,3,3,cSCI_7d
CAGCGTGAGCTCGTGC-1,cSCI_7d_2,4249,2127,1,1,cSCI_7d
CAGGCCAAGACGTCCC-1,cSCI_7d_2,5630,2485,0,0,cSCI_7d
CAGGCCAGTCATCGCG-1,cSCI_7d_2,20469,5077,0,0,cSCI_7d
CAGGGCTAGGTACAAT-1,cSCI_7d_2,5430,2477,1,1,cSCI_7d
CAGGGCTGTTAGAAGT-1,cSCI_7d_2,11571,3733,0,0,cSCI_7d
CAGGGCTGTTGGGCCT-1,cSCI_7d_2,16027,4600,0,0,cSCI_7d
CAGGTATCAGTGTGCC-1,cSCI_7d_2,13653,3794,1,1,cSCI_7d
CAGTGCGAGACTCAAA-1,cSCI_7d_2,6850,2716,1,1,cSCI_7d
CAGTTAGAGAGTCTTC-1,cSCI_7d_2,16349,4604,0,0,cSCI_7d
CAGTTAGAGGTATCTC-1,cSCI_7d_2,17958,4746,0,0,cSCI_7d
CATAAGCAGTCTACCA-1,cSCI_7d_2,11103,3759,1,1,cSCI_7d
CATACAGAGAACAGGA-1,cSCI_7d_2,6113,2736,1,1,cSCI_7d
CATACAGAGCTACTAC-1,cSCI_7d_2,22031,5059,0,0,cSCI_7d
CATACAGGTCACATTG-1,cSCI_7d_2,11452,3580,2,2,cSCI_7d
CATACCCGTCGTATTG-1,cSCI_7d_2,8222,3186,1,1,cSCI_7d
CATACTTTCGTACACA-1,cSCI_7d_2,15176,4224,0,0,cSCI_7d
CATCCACCACAGAGAC-1,cSCI_7d_2,24235,5117,2,2,cSCI_7d
CATCCACCATCTTTCA-1,cSCI_7d_2,36718,6205,2,2,cSCI_7d
CATCCACGTGCCCGTA-1,cSCI_7d_2,14319,3874,1,1,cSCI_7d
CATCCCAAGAGCCGTA-1,cSCI_7d_2,7822,3134,0,0,cSCI_7d
CATCCCACAACTGATC-1,cSCI_7d_2,17695,4345,2,2,cSCI_7d
CATCCGTCAAGTTGGG-1,cSCI_7d_2,16235,4437,3,3,cSCI_7d
CATCCGTGTAATGTGA-1,cSCI_7d_2,5870,2220,0,0,cSCI_7d
CATCGCTGTTAGGGTG-1,cSCI_7d_2,14119,4132,2,2,cSCI_7d
CATCGGGGTTCACCGG-1,cSCI_7d_2,5016,2365,1,1,cSCI_7d
CATCGTCCATGACTTG-1,cSCI_7d_2,14005,3990,2,2,cSCI_7d
CATCGTCCATGATGCT-1,cSCI_7d_2,17929,4124,2,2,cSCI_7d
CATCGTCGTCGTCTCT-1,cSCI_7d_2,16895,4700,0,0,cSCI_7d
CATCGTCGTGGTCTGC-1,cSCI_7d_2,13189,4265,0,0,cSCI_7d
CATCGTCGTGTTAAAG-1,cSCI_7d_2,9387,3721,3,3,cSCI_7d
CATCGTCTCGACCCAG-1,cSCI_7d_2,11720,3780,2,2,cSCI_7d
CATGAGTAGCCACTCG-1,cSCI_7d_2,15404,4198,2,2,cSCI_7d
CATGAGTGTACGTACT-1,cSCI_7d_2,15387,4445,2,2,cSCI_7d
CATGCAAAGTCTCTGA-1,cSCI_7d_2,29396,5625,0,0,cSCI_7d
CATGCAAGTGACACAG-1,cSCI_7d_2,3346,2109,3,3,cSCI_7d
CATGCAATCATCAGTG-1,cSCI_7d_2,9165,3159,1,1,cSCI_7d
CATGCCTGTCGAGTGA-1,cSCI_7d_2,9537,3330,3,3,cSCI_7d
CATGCCTGTTAAACCC-1,cSCI_7d_2,9975,2687,3,3,cSCI_7d
CATGCCTTCCTTCTTC-1,cSCI_7d_2,21638,5178,0,0,cSCI_7d
CATGCCTTCTGGGAGA-1,cSCI_7d_2,7558,3110,1,1,cSCI_7d
CATGCGGGTTCCGTTC-1,cSCI_7d_2,7268,2877,1,1,cSCI_7d
CATGCTCAGTTCCGTA-1,cSCI_7d_2,8678,2957,1,1,cSCI_7d
CATGCTCGTTATGACC-1,cSCI_7d_2,7665,2900,2,2,cSCI_7d
CATGCTCGTTCGTGCG-1,cSCI_7d_2,10359,3319,0,0,cSCI_7d
CATGGATGTAATTAGG-1,cSCI_7d_2,6550,2701,2,2,cSCI_7d
CATGGTAAGACTAAGT-1,cSCI_7d_2,19104,4850,0,0,cSCI_7d
CATGGTACATGTGGTT-1,cSCI_7d_2,4647,2047,2,2,cSCI_7d
CATTCCGAGAACTTCC-1,cSCI_7d_2,14302,4306,0,0,cSCI_7d
CATTCTAAGGTTTGAA-1,cSCI_7d_2,14137,4079,2,2,cSCI_7d
CATTGAGTCAAGAAAC-1,cSCI_7d_2,5094,2315,1,1,cSCI_7d
CATTGCCCACCATATG-1,cSCI_7d_2,6567,2550,3,3,cSCI_7d
CATTGTTAGCTACTGT-1,cSCI_7d_2,19416,5016,0,0,cSCI_7d
CATTGTTCAAGGTCTT-1,cSCI_7d_2,10146,3175,1,1,cSCI_7d
CATTGTTCACAAGGTG-1,cSCI_7d_2,8279,3065,3,3,cSCI_7d
CATTTCATCATGCATG-1,cSCI_7d_2,8945,3169,1,1,cSCI_7d
CCAAGCGCACTTGGCG-1,cSCI_7d_2,7620,2905,1,1,cSCI_7d
CCAATGACATGTCTAG-1,cSCI_7d_2,11457,3716,0,0,cSCI_7d
CCAATTTAGTCATGAA-1,cSCI_7d_2,6950,2972,1,1,cSCI_7d
CCAATTTTCAACCGAT-1,cSCI_7d_2,22117,4822,2,2,cSCI_7d
CCACACTAGCTCCCTT-1,cSCI_7d_2,24043,5058,0,0,cSCI_7d
CCACCATAGCGTGAGT-1,cSCI_7d_2,10495,4118,0,0,cSCI_7d
CCACCATGTCTTCAAG-1,cSCI_7d_2,10203,3510,2,2,cSCI_7d
CCACCATTCGTGGACC-1,cSCI_7d_2,24873,5190,2,2,cSCI_7d
CCACGTTAGCAATTAG-1,cSCI_7d_2,27592,5552,0,0,cSCI_7d
CCACTTGAGCTAATGA-1,cSCI_7d_2,14338,4125,0,0,cSCI_7d
CCACTTGGTTCCTACC-1,cSCI_7d_2,15528,4066,0,0,cSCI_7d
CCATAAGCATACGCAT-1,cSCI_7d_2,18444,4832,0,0,cSCI_7d
CCATAAGGTACTGAGG-1,cSCI_7d_2,13136,3938,0,0,cSCI_7d
CCATCACAGCTGTTCA-1,cSCI_7d_2,20693,4833,0,0,cSCI_7d
CCATCACAGTCTTCGA-1,cSCI_7d_2,7357,2883,1,1,cSCI_7d
CCCAACTCAGAAATTG-1,cSCI_7d_2,9978,3238,3,3,cSCI_7d
CCCAACTGTGAATTAG-1,cSCI_7d_2,16268,4253,2,2,cSCI_7d
CCCATTGTCACTGGTA-1,cSCI_7d_2,6748,2966,1,1,cSCI_7d
CCCTAACAGCGTGAAC-1,cSCI_7d_2,8695,3038,1,1,cSCI_7d
CCCTAACCAAGCCTGC-1,cSCI_7d_2,32560,5794,2,2,cSCI_7d
CCCTCAAAGAGTAACT-1,cSCI_7d_2,7133,2807,1,1,cSCI_7d
CCCTCAACAACACAAA-1,cSCI_7d_2,31281,5778,0,0,cSCI_7d
CCCTCAAGTTCGTGCG-1,cSCI_7d_2,8488,3163,1,1,cSCI_7d
CCCTCTCCAGTTGTTG-1,cSCI_7d_2,20818,4801,2,2,cSCI_7d
CCCTGATAGAGGGCGA-1,cSCI_7d_2,8397,3345,2,2,cSCI_7d
CCCTGATAGATCCTAC-1,cSCI_7d_2,19047,4801,0,0,cSCI_7d
CCCTTAGCAGCGGATA-1,cSCI_7d_2,13109,3973,2,2,cSCI_7d
CCGAACGAGGTTATAG-1,cSCI_7d_2,6555,2803,1,1,cSCI_7d
CCGATGGTCCGCGATG-1,cSCI_7d_2,11677,3624,3,3,cSCI_7d
CCGCAAGCAACAGAGC-1,cSCI_7d_2,9590,3168,0,0,cSCI_7d
CCGGACATCGTAGTGT-1,cSCI_7d_2,14773,4450,2,2,cSCI_7d
CCGGGTACAGTCAGAG-1,cSCI_7d_2,16452,4631,0,0,cSCI_7d
CCGGTAGAGAGAATCT-1,cSCI_7d_2,5038,2226,1,1,cSCI_7d
CCGGTGACATGAATAG-1,cSCI_7d_2,19228,4496,0,0,cSCI_7d
CCGGTGAGTTCACGAT-1,cSCI_7d_2,16489,4349,2,2,cSCI_7d
CCGTAGGAGCAGCAGT-1,cSCI_7d_2,10108,3878,0,0,cSCI_7d
CCGTTCAAGTAAATGC-1,cSCI_7d_2,7540,2643,1,1,cSCI_7d
CCGTTCAGTAACATCC-1,cSCI_7d_2,6761,2681,1,1,cSCI_7d
CCTAACCAGTCATCCA-1,cSCI_7d_2,12790,3599,1,1,cSCI_7d
CCTAACCCAAATAAGC-1,cSCI_7d_2,21073,4737,0,0,cSCI_7d
CCTAAGACAGTCGCAC-1,cSCI_7d_2,5549,2459,1,1,cSCI_7d
CCTAAGAGTAGGGTAC-1,cSCI_7d_2,5627,2601,1,1,cSCI_7d
CCTAAGATCGCAGAGA-1,cSCI_7d_2,14637,4470,3,3,cSCI_7d
CCTACGTCAACCGTAT-1,cSCI_7d_2,7197,2312,2,2,cSCI_7d
CCTACGTGTTAGCGGA-1,cSCI_7d_2,5842,2491,1,1,cSCI_7d
CCTATCGAGTAGACAT-1,cSCI_7d_2,6066,2702,0,0,cSCI_7d
CCTATCGCAATCAGCT-1,cSCI_7d_2,6142,2339,1,1,cSCI_7d
CCTATCGCAGCAAGAC-1,cSCI_7d_2,22219,4972,0,0,cSCI_7d
CCTATCGCATACAGCT-1,cSCI_7d_2,9291,3077,1,1,cSCI_7d
CCTCAACAGGTCATCT-1,cSCI_7d_2,57288,7653,2,2,cSCI_7d
CCTCAACAGTACAGCG-1,cSCI_7d_2,6972,2509,1,1,cSCI_7d
CCTCACACAGACACAG-1,cSCI_7d_2,18741,4792,0,0,cSCI_7d
CCTCATGAGAGGACTC-1,cSCI_7d_2,26787,5797,2,2,cSCI_7d
CCTCATGTCACCCATC-1,cSCI_7d_2,6330,2662,1,1,cSCI_7d
CCTCCAACAAATGAAC-1,cSCI_7d_2,26907,5594,0,0,cSCI_7d
CCTCCTCTCCTCACGT-1,cSCI_7d_2,53150,7201,2,2,cSCI_7d
CCTCTAGTCTTCCGTG-1,cSCI_7d_2,27122,5660,0,0,cSCI_7d
CCTCTCCAGGCTATCT-1,cSCI_7d_2,7844,2467,2,2,cSCI_7d
CCTCTCCAGGTCCTGC-1,cSCI_7d_2,10122,3489,0,0,cSCI_7d
CCTCTCCGTTCGATTG-1,cSCI_7d_2,20360,4794,2,2,cSCI_7d
CCTTCAGCACTTACAG-1,cSCI_7d_2,18348,4807,0,0,cSCI_7d
CCTTGTGAGGTAAGTT-1,cSCI_7d_2,14257,4233,0,0,cSCI_7d
CCTTGTGGTATAGGGC-1,cSCI_7d_2,10980,3714,1,1,cSCI_7d
CCTTTGGAGCTGCCTG-1,cSCI_7d_2,5827,2518,1,1,cSCI_7d
CGAAGTTAGCAATTCC-1,cSCI_7d_2,12011,3604,1,1,cSCI_7d
CGAAGTTCAAGGGTCA-1,cSCI_7d_2,4914,2283,2,2,cSCI_7d
CGAAGTTGTACTAAGA-1,cSCI_7d_2,4057,2277,1,1,cSCI_7d
CGAATTGCAACCAACT-1,cSCI_7d_2,15012,4160,2,2,cSCI_7d
CGACAGCCAAATGAGT-1,cSCI_7d_2,27920,5641,0,0,cSCI_7d
CGAGAAGCAGCCCAGT-1,cSCI_7d_2,5545,2617,1,1,cSCI_7d
CGAGAAGTCCCTCATG-1,cSCI_7d_2,12561,3962,3,3,cSCI_7d
CGAGGAACAAGGGTCA-1,cSCI_7d_2,10767,3742,0,0,cSCI_7d
CGAGGAATCCCATACC-1,cSCI_7d_2,5209,2386,1,1,cSCI_7d
CGAGTGCTCTGAGGCC-1,cSCI_7d_2,6136,2636,1,1,cSCI_7d
CGAGTTAGTATAGCTC-1,cSCI_7d_2,6603,2808,1,1,cSCI_7d
CGATCGGGTTTGGCTA-1,cSCI_7d_2,5618,2484,1,1,cSCI_7d
CGATGCGCACAGGATG-1,cSCI_7d_2,8007,2862,3,3,cSCI_7d
CGATGCGCACTAGGTT-1,cSCI_7d_2,13595,4164,0,0,cSCI_7d
CGATGCGGTGATTCTG-1,cSCI_7d_2,8296,3254,1,1,cSCI_7d
CGATGCGTCGGTGCAC-1,cSCI_7d_2,9982,3615,1,1,cSCI_7d
CGATGGCCAGGCCCTA-1,cSCI_7d_2,9609,3290,3,3,cSCI_7d
CGATGGCGTCAAATCC-1,cSCI_7d_2,12117,3966,2,2,cSCI_7d
CGCAGGTGTGTGAGCA-1,cSCI_7d_2,27577,5561,2,2,cSCI_7d
CGCAGGTTCCACTGGG-1,cSCI_7d_2,9010,3175,1,1,cSCI_7d
CGCATAAGTGCCTGAC-1,cSCI_7d_2,6603,3113,3,3,cSCI_7d
CGCATAAGTTACGGAG-1,cSCI_7d_2,17589,4437,0,0,cSCI_7d
CGCATGGAGGAGGGTG-1,cSCI_7d_2,8135,3334,0,0,cSCI_7d
CGCATGGAGGCTCAAG-1,cSCI_7d_2,8239,3191,2,2,cSCI_7d
CGCATGGCATCATTGG-1,cSCI_7d_2,11254,3754,2,2,cSCI_7d
CGCCAGACATAATGAG-1,cSCI_7d_2,9670,3560,1,1,cSCI_7d
CGCCAGAGTATCGTGT-1,cSCI_7d_2,14633,4617,0,0,cSCI_7d
CGCCATTGTTACACAC-1,cSCI_7d_2,15869,3968,3,3,cSCI_7d
CGCCATTTCAAACCTG-1,cSCI_7d_2,19907,5039,0,0,cSCI_7d
CGCGTGAAGTAGACAT-1,cSCI_7d_2,30839,6344,2,2,cSCI_7d
CGCGTGACAGTCAGAG-1,cSCI_7d_2,5055,2217,1,1,cSCI_7d
CGGAATTTCTTCCTAA-1,cSCI_7d_2,12955,3495,1,1,cSCI_7d
CGGAATTTCTTCGCTG-1,cSCI_7d_2,10690,3856,0,0,cSCI_7d
CGGACACAGAGAGTTT-1,cSCI_7d_2,6032,2766,3,3,cSCI_7d
CGGACACCACTCTCGT-1,cSCI_7d_2,5838,2362,1,1,cSCI_7d
CGGACACGTCGGTGTC-1,cSCI_7d_2,11745,3787,0,0,cSCI_7d
CGGACACTCATGCCAA-1,cSCI_7d_2,23774,5386,0,0,cSCI_7d
CGGACACTCCATCTAT-1,cSCI_7d_2,20013,5131,0,0,cSCI_7d
CGGAGAAAGCGACAGT-1,cSCI_7d_2,8449,3339,2,2,cSCI_7d
CGGAGAAGTGCCGTAC-1,cSCI_7d_2,12286,3825,0,0,cSCI_7d
CGGCAGTAGATTGTGA-1,cSCI_7d_2,8738,3213,2,2,cSCI_7d
CGGGACTTCGACATCA-1,cSCI_7d_2,21455,5090,2,2,cSCI_7d
CGGGCATAGATTCGCT-1,cSCI_7d_2,6309,2588,1,1,cSCI_7d
CGGGCATCACAATGCT-1,cSCI_7d_2,7071,2815,3,3,cSCI_7d
CGGGTCAAGTTCAACC-1,cSCI_7d_2,8842,3122,0,0,cSCI_7d
CGGGTCATCCGCGATG-1,cSCI_7d_2,10028,3711,0,0,cSCI_7d
CGGTCAGAGCATGAAT-1,cSCI_7d_2,28561,5915,2,2,cSCI_7d
CGGTCAGCACTCCGAG-1,cSCI_7d_2,11258,3897,2,2,cSCI_7d
CGGTCAGGTTCTTGTT-1,cSCI_7d_2,8706,3128,3,3,cSCI_7d
CGTAAGTCACGGCTAC-1,cSCI_7d_2,6760,2629,1,1,cSCI_7d
CGTAAGTTCTACACTT-1,cSCI_7d_2,10147,3353,2,2,cSCI_7d
CGTAATGAGGCAGGTT-1,cSCI_7d_2,9437,3318,0,0,cSCI_7d
CGTAATGGTAAGTAGT-1,cSCI_7d_2,5230,2458,1,1,cSCI_7d
CGTAGTACACAACGAG-1,cSCI_7d_2,7094,2977,1,1,cSCI_7d
CGTAGTAGTCGAAACG-1,cSCI_7d_2,6487,2757,3,3,cSCI_7d
CGTCAAAGTAGATCGG-1,cSCI_7d_2,5833,2714,1,1,cSCI_7d
CGTCAAAGTCTCGACG-1,cSCI_7d_2,18678,4955,0,0,cSCI_7d
CGTCAAAGTGAGATCG-1,cSCI_7d_2,10184,3413,0,0,cSCI_7d
CGTCAAATCCTACTGC-1,cSCI_7d_2,9505,3139,3,3,cSCI_7d
CGTCCATAGGGCAGAG-1,cSCI_7d_2,9037,3470,0,0,cSCI_7d
CGTCCATGTTCATCTT-1,cSCI_7d_2,23230,5238,2,2,cSCI_7d
CGTGAATAGTTGTCGT-1,cSCI_7d_2,13711,4305,2,2,cSCI_7d
CGTGCTTTCTTAATCC-1,cSCI_7d_2,5706,2432,1,1,cSCI_7d
CGTGTCTAGTCGGCCT-1,cSCI_7d_2,4993,2382,1,1,cSCI_7d
CGTGTCTCATCGAAGG-1,cSCI_7d_2,7764,2869,0,0,cSCI_7d
CGTTAGAAGTTCCAGT-1,cSCI_7d_2,18144,5080,0,0,cSCI_7d
CGTTAGATCGAGTCTA-1,cSCI_7d_2,5497,2391,1,1,cSCI_7d
CGTTCTGCAAATAAGC-1,cSCI_7d_2,7586,2804,1,1,cSCI_7d
CTAACCCAGGACAAGA-1,cSCI_7d_2,8191,2847,3,3,cSCI_7d
CTAACCCGTAGTGTGG-1,cSCI_7d_2,8812,3445,2,2,cSCI_7d
CTAACCCTCAGGAAGC-1,cSCI_7d_2,5377,2550,1,1,cSCI_7d
CTAACCCTCTCGCCTA-1,cSCI_7d_2,20997,5057,0,0,cSCI_7d
CTAACTTCAACCCTAA-1,cSCI_7d_2,10254,3299,1,1,cSCI_7d
CTAACTTGTATCGCAT-1,cSCI_7d_2,7107,2716,1,1,cSCI_7d
CTAACTTGTATCGTGT-1,cSCI_7d_2,5415,2439,0,0,cSCI_7d
CTAAGTGGTCCACTTC-1,cSCI_7d_2,10054,3579,1,1,cSCI_7d
CTACAGAAGTACAACA-1,cSCI_7d_2,15346,4037,2,2,cSCI_7d
CTACAGACAGACGGAT-1,cSCI_7d_2,14112,4314,0,0,cSCI_7d
CTACAGATCATTGCCC-1,cSCI_7d_2,11918,4055,2,2,cSCI_7d
CTACAGATCCGCTGTT-1,cSCI_7d_2,7238,2546,1,1,cSCI_7d
CTACATTCAACGGCCT-1,cSCI_7d_2,46748,6929,0,0,cSCI_7d
CTACATTCACCCTGAG-1,cSCI_7d_2,23440,5239,2,2,cSCI_7d
CTACATTTCGTAGAGG-1,cSCI_7d_2,10070,3792,3,3,cSCI_7d
CTACATTTCTCCTGAC-1,cSCI_7d_2,21851,5286,0,0,cSCI_7d
CTACCCAGTAGACGGT-1,cSCI_7d_2,8723,3112,1,1,cSCI_7d
CTACCCAGTCAGTCTA-1,cSCI_7d_2,11943,3639,3,3,cSCI_7d
CTACCCAGTCATAAAG-1,cSCI_7d_2,23969,5096,2,2,cSCI_7d
CTACCCAGTTCGGACC-1,cSCI_7d_2,10574,3511,2,2,cSCI_7d
CTACCCATCTTACCAT-1,cSCI_7d_2,13478,3769,1,1,cSCI_7d
CTACCTGCAACGATTC-1,cSCI_7d_2,15600,4038,0,0,cSCI_7d
CTACCTGGTATTTCTC-1,cSCI_7d_2,50737,7086,2,2,cSCI_7d
CTACCTGTCGCTCATC-1,cSCI_7d_2,36794,6253,2,2,cSCI_7d
CTACGGGCATTGACTG-1,cSCI_7d_2,15735,4085,2,2,cSCI_7d
CTAGGTAAGAAGCGCT-1,cSCI_7d_2,8833,3223,0,0,cSCI_7d
CTAGGTAAGACTTGTC-1,cSCI_7d_2,12332,3896,2,2,cSCI_7d
CTATAGGAGGCGTTAG-1,cSCI_7d_2,23641,5712,0,0,cSCI_7d
CTATAGGAGGTTCTTG-1,cSCI_7d_2,7309,2949,3,3,cSCI_7d
CTATAGGCAGTGTACT-1,cSCI_7d_2,4585,2307,1,1,cSCI_7d
CTATAGGGTGATTCTG-1,cSCI_7d_2,13289,4264,0,0,cSCI_7d
CTATAGGTCCGGTTCT-1,cSCI_7d_2,21863,5081,2,2,cSCI_7d
CTATCCGAGAGACAAG-1,cSCI_7d_2,7391,3453,0,0,cSCI_7d
CTATCCGGTGCCTTCT-1,cSCI_7d_2,12197,3940,0,0,cSCI_7d
CTATCCGTCCACGAAT-1,cSCI_7d_2,21030,4692,2,2,cSCI_7d
CTATCCGTCTTCTAAC-1,cSCI_7d_2,14039,3859,3,3,cSCI_7d
CTATCTACACAATGAA-1,cSCI_7d_2,25782,5239,2,2,cSCI_7d
CTATCTAGTAGCTTGT-1,cSCI_7d_2,7314,2850,1,1,cSCI_7d
CTATCTAGTCCGGACT-1,cSCI_7d_2,15775,4180,0,0,cSCI_7d
CTCAACCAGAGGCGGA-1,cSCI_7d_2,23711,5851,2,2,cSCI_7d
CTCAACCCACCCAATA-1,cSCI_7d_2,29381,5569,2,2,cSCI_7d
CTCAACCGTCCATACA-1,cSCI_7d_2,10328,3238,1,1,cSCI_7d
CTCAACCTCGCACTCT-1,cSCI_7d_2,11836,3512,1,1,cSCI_7d
CTCAAGACAATGCAAA-1,cSCI_7d_2,20915,4782,0,0,cSCI_7d
CTCACTGGTGAAGCTG-1,cSCI_7d_2,18396,4655,2,2,cSCI_7d
CTCAGAAAGCACTCTA-1,cSCI_7d_2,11256,3303,0,0,cSCI_7d
CTCAGGGAGTTTAGGA-1,cSCI_7d_2,9981,3852,1,1,cSCI_7d
CTCAGGGCATGACCCG-1,cSCI_7d_2,20731,4767,3,3,cSCI_7d
CTCAGTCGTCATTGCA-1,cSCI_7d_2,26791,5331,2,2,cSCI_7d
CTCAGTCTCCCAAGTA-1,cSCI_7d_2,17140,4471,0,0,cSCI_7d
CTCAGTCTCGTTCTGC-1,cSCI_7d_2,22887,4930,2,2,cSCI_7d
CTCATCGAGAGCCGTA-1,cSCI_7d_2,6340,2741,2,2,cSCI_7d
CTCATCGAGCCGATAG-1,cSCI_7d_2,8954,3136,1,1,cSCI_7d
CTCATCGTCGATACAC-1,cSCI_7d_2,7047,2704,1,1,cSCI_7d
CTCATTACACGGTCTG-1,cSCI_7d_2,8170,3383,0,0,cSCI_7d
CTCATTAGTGTCTTAG-1,cSCI_7d_2,12670,3842,2,2,cSCI_7d
CTCCAACAGGATCACG-1,cSCI_7d_2,8742,2980,3,3,cSCI_7d
CTCCAACGTGAGTTTC-1,cSCI_7d_2,7934,2642,3,3,cSCI_7d
CTCCACAAGCGAGTAC-1,cSCI_7d_2,7522,2866,1,1,cSCI_7d
CTCCACACAGAGATGC-1,cSCI_7d_2,6965,2770,0,0,cSCI_7d
CTCCATGCAGGGAGAG-1,cSCI_7d_2,6148,2408,2,2,cSCI_7d
CTCCCAACAGAGATTA-1,cSCI_7d_2,17467,4332,2,2,cSCI_7d
CTCCCTCCATAAGATG-1,cSCI_7d_2,5541,2096,2,2,cSCI_7d
CTCCCTCGTTAGGCTT-1,cSCI_7d_2,8012,2473,3,3,cSCI_7d
CTCCGATTCATTCTTG-1,cSCI_7d_2,17083,4555,0,0,cSCI_7d
CTCCTCCCAGTCCGTG-1,cSCI_7d_2,7725,2855,0,0,cSCI_7d
CTCCTTTCACAGCCTG-1,cSCI_7d_2,16954,4591,0,0,cSCI_7d
CTCCTTTCACGTACTA-1,cSCI_7d_2,7553,2373,1,1,cSCI_7d
CTCCTTTGTACCACGC-1,cSCI_7d_2,8932,3306,0,0,cSCI_7d
CTCCTTTTCTCTAGGA-1,cSCI_7d_2,16589,4572,0,0,cSCI_7d
CTCGAGGCAGCTGTTA-1,cSCI_7d_2,6294,2652,1,1,cSCI_7d
CTCTCGACAGCAGATG-1,cSCI_7d_2,7240,2768,1,1,cSCI_7d
CTCTCGAGTCGTTCAA-1,cSCI_7d_2,10571,3052,1,1,cSCI_7d
CTGAATGAGAGAGCCT-1,cSCI_7d_2,6738,2931,1,1,cSCI_7d
CTGAATGTCGTCACCT-1,cSCI_7d_2,15327,4594,0,0,cSCI_7d
CTGAGCGCAAGGCAAC-1,cSCI_7d_2,13925,4418,0,0,cSCI_7d
CTGAGGCCATCCGCGA-1,cSCI_7d_2,6615,2742,1,1,cSCI_7d
CTGAGGCTCCATTTGT-1,cSCI_7d_2,22128,5005,0,0,cSCI_7d
CTGATCCAGCAAATGT-1,cSCI_7d_2,10282,3637,2,2,cSCI_7d
CTGATCCCAACGTTAC-1,cSCI_7d_2,7006,2783,1,1,cSCI_7d
CTGATCCCACTCCTGT-1,cSCI_7d_2,11736,3570,2,2,cSCI_7d
CTGATCCCATTGAAAG-1,cSCI_7d_2,8700,3190,0,0,cSCI_7d
CTGCAGGAGGACTATA-1,cSCI_7d_2,6600,2740,1,1,cSCI_7d
CTGCAGGAGTCATTGC-1,cSCI_7d_2,20262,4479,2,2,cSCI_7d
CTGCAGGGTTCTCCTG-1,cSCI_7d_2,15766,4198,0,0,cSCI_7d
CTGCCATGTGAATGAT-1,cSCI_7d_2,23821,5240,3,3,cSCI_7d
CTGCCATTCCTCGCAT-1,cSCI_7d_2,17817,4465,1,1,cSCI_7d
CTGCCATTCCTTCTGG-1,cSCI_7d_2,9525,3165,1,1,cSCI_7d
CTGCCTAAGGTTAAAC-1,cSCI_7d_2,11631,3410,1,1,cSCI_7d
CTGCCTAGTGGTAATA-1,cSCI_7d_2,9181,3227,2,2,cSCI_7d
CTGCGAGAGGAAGTGA-1,cSCI_7d_2,8164,3578,0,0,cSCI_7d
CTGCGAGGTACGATGG-1,cSCI_7d_2,5366,2570,1,1,cSCI_7d
CTGCTCAGTATCGGTT-1,cSCI_7d_2,10308,3639,0,0,cSCI_7d
CTGGCAGAGTGAGGTC-1,cSCI_7d_2,6301,2774,0,0,cSCI_7d
CTGGTCTGTCCACAGC-1,cSCI_7d_2,37964,6772,2,2,cSCI_7d
CTGTACCGTGCATTAC-1,cSCI_7d_2,11167,3461,1,1,cSCI_7d
CTGTAGACACTTTATC-1,cSCI_7d_2,17995,4644,2,2,cSCI_7d
CTGTAGATCTATGTGG-1,cSCI_7d_2,14627,4252,2,2,cSCI_7d
CTGTCGTCACATTCTT-1,cSCI_7d_2,9411,3393,0,0,cSCI_7d
CTGTCGTGTTCGGGTC-1,cSCI_7d_2,16163,4744,3,3,cSCI_7d
CTGTCGTTCGCCGTGA-1,cSCI_7d_2,10626,3622,3,3,cSCI_7d
CTGTGGGGTCATGACT-1,cSCI_7d_2,8802,3226,0,0,cSCI_7d
CTGTGGGTCTTACCAT-1,cSCI_7d_2,7887,3056,0,0,cSCI_7d
CTTACCGAGTATAGGT-1,cSCI_7d_2,6609,2839,1,1,cSCI_7d
CTTCAATGTACCCACG-1,cSCI_7d_2,15441,4235,0,0,cSCI_7d
CTTCCGATCTAGTACG-1,cSCI_7d_2,11031,3371,1,1,cSCI_7d
CTTCCTTGTCACTCTC-1,cSCI_7d_2,69188,7944,2,2,cSCI_7d
CTTCCTTGTCGGTGAA-1,cSCI_7d_2,4545,2042,1,1,cSCI_7d
CTTCGGTCAAAGACTA-1,cSCI_7d_2,14290,4141,2,2,cSCI_7d
CTTCTAAGTATTCCTT-1,cSCI_7d_2,13842,3716,0,0,cSCI_7d
CTTCTAAGTTATCCAG-1,cSCI_7d_2,18628,4546,0,0,cSCI_7d
CTTCTAATCTAGGCCG-1,cSCI_7d_2,11693,3352,0,0,cSCI_7d
CTTCTCTAGTCAGGGT-1,cSCI_7d_2,11990,3916,1,1,cSCI_7d
CTTGAGAAGTCACTGT-1,cSCI_7d_2,18226,5152,0,0,cSCI_7d
CTTGATTGTACGACTT-1,cSCI_7d_2,9910,3260,1,1,cSCI_7d
CTTGATTGTATCTCGA-1,cSCI_7d_2,13125,4304,0,0,cSCI_7d
GAAACCTCAATTTCTC-1,cSCI_7d_2,19267,4869,2,2,cSCI_7d
GAAACCTGTGTGAATA-1,cSCI_7d_2,16001,4434,0,0,cSCI_7d
GAAATGAGTCGCTGCA-1,cSCI_7d_2,16243,4811,2,2,cSCI_7d
GAACACTAGAGTGGCT-1,cSCI_7d_2,11661,3860,0,0,cSCI_7d
GAACACTGTAATGTGA-1,cSCI_7d_2,5841,2430,1,1,cSCI_7d
GAACACTTCGCTGATA-1,cSCI_7d_2,65467,7818,2,2,cSCI_7d
GAACGTTAGCGCAATG-1,cSCI_7d_2,7939,3017,1,1,cSCI_7d
GAACGTTCAATGCTCA-1,cSCI_7d_2,12925,4600,1,1,cSCI_7d
GAACGTTCACAAGGTG-1,cSCI_7d_2,7697,3027,3,3,cSCI_7d
GAACGTTCAGACCAAG-1,cSCI_7d_2,14044,4071,0,0,cSCI_7d
GAACGTTCAGAGTGAC-1,cSCI_7d_2,9993,3553,1,1,cSCI_7d
GAACGTTGTGGCATCC-1,cSCI_7d_2,9156,3383,2,2,cSCI_7d
GAAGAATCACATATGC-1,cSCI_7d_2,12590,4035,2,2,cSCI_7d
GAAGAATTCAGCATTG-1,cSCI_7d_2,17309,4666,0,0,cSCI_7d
GAAGCGAAGTCTAGCT-1,cSCI_7d_2,12651,4107,2,2,cSCI_7d
GAAGCGATCAGGTGTT-1,cSCI_7d_2,5426,2419,1,1,cSCI_7d
GAAGGACGTTCACCGG-1,cSCI_7d_2,5167,2406,1,1,cSCI_7d
GAAGGGTAGGAAGAAC-1,cSCI_7d_2,4748,2264,1,1,cSCI_7d
GAAGTAACACTAACCA-1,cSCI_7d_2,10192,3257,2,2,cSCI_7d
GAATAGACAAGCGAAC-1,cSCI_7d_2,10246,3335,1,1,cSCI_7d
GAATAGACAGGGAATC-1,cSCI_7d_2,25814,5795,3,3,cSCI_7d
GAATCACGTTGGGTAG-1,cSCI_7d_2,15793,4682,2,2,cSCI_7d
GAATCACTCCGTGACG-1,cSCI_7d_2,8372,2939,0,0,cSCI_7d
GACACGCGTGAGAACC-1,cSCI_7d_2,11712,3384,2,2,cSCI_7d
GACACGCTCAAACTGC-1,cSCI_7d_2,6795,2661,1,1,cSCI_7d
GACAGCCCACTCATAG-1,cSCI_7d_2,13734,3913,0,0,cSCI_7d
GACAGCCGTCTCGGAC-1,cSCI_7d_2,21337,4956,2,2,cSCI_7d
GACCAATTCACATCAG-1,cSCI_7d_2,11255,3372,3,3,cSCI_7d
GACCCAGAGCCTGAAG-1,cSCI_7d_2,4384,2114,2,2,cSCI_7d
GACCCAGCAAGAAATC-1,cSCI_7d_2,40697,6489,2,2,cSCI_7d
GACCCAGCACGGCGTT-1,cSCI_7d_2,7897,3096,0,0,cSCI_7d
GACCCAGGTGTTTGCA-1,cSCI_7d_2,10087,3348,0,0,cSCI_7d
GACCCTTTCGTCCATC-1,cSCI_7d_2,11141,3436,2,2,cSCI_7d
GACCGTGGTCACGCTG-1,cSCI_7d_2,7705,2735,3,3,cSCI_7d
GACCGTGTCTCTCGAC-1,cSCI_7d_2,51976,7279,2,2,cSCI_7d
GACCTTCAGCTAAACA-1,cSCI_7d_2,31664,5808,2,2,cSCI_7d
GACGTTATCTAAACGC-1,cSCI_7d_2,7803,3069,1,1,cSCI_7d
GACTCAACATCTGCGG-1,cSCI_7d_2,29168,5630,2,2,cSCI_7d
GACTCAATCTCGTTTA-1,cSCI_7d_2,36538,6220,2,2,cSCI_7d
GACTCTCCAATGTCTG-1,cSCI_7d_2,7470,2748,1,1,cSCI_7d
GACTGATTCGGCGATC-1,cSCI_7d_2,11429,3624,1,1,cSCI_7d
GACTTCCCAGCGTACC-1,cSCI_7d_2,12446,3784,2,2,cSCI_7d
GAGAAATGTTCTTAGG-1,cSCI_7d_2,9875,3466,2,2,cSCI_7d
GAGACTTAGTAGATCA-1,cSCI_7d_2,9717,3347,0,0,cSCI_7d
GAGACTTTCGTTCTGC-1,cSCI_7d_2,11757,3811,0,0,cSCI_7d
GAGAGGTCACAACCGC-1,cSCI_7d_2,8917,3403,3,3,cSCI_7d
GAGAGGTGTGGCCTCA-1,cSCI_7d_2,8352,3254,0,0,cSCI_7d
GAGATGGTCTCGAGTA-1,cSCI_7d_2,9081,3415,0,0,cSCI_7d
GAGCTGCGTATCAGGG-1,cSCI_7d_2,18193,5047,0,0,cSCI_7d
GAGGCCTTCAACTACG-1,cSCI_7d_2,7713,2688,1,1,cSCI_7d
GAGGCCTTCTGCAGCG-1,cSCI_7d_2,5752,2575,1,1,cSCI_7d
GAGGGATTCGACCTAA-1,cSCI_7d_2,7082,2885,0,0,cSCI_7d
GAGGGTACATGATGCT-1,cSCI_7d_2,11530,3932,0,0,cSCI_7d
GAGGGTAGTCACCACG-1,cSCI_7d_2,16561,4666,0,0,cSCI_7d
GAGGGTATCGAAGAAT-1,cSCI_7d_2,6770,2817,0,0,cSCI_7d
GAGTCATGTAATGCGG-1,cSCI_7d_2,4558,2237,1,1,cSCI_7d
GAGTCTATCTAGTGAC-1,cSCI_7d_2,19635,4645,0,0,cSCI_7d
GAGTGAGAGAAACCAT-1,cSCI_7d_2,13956,4189,0,0,cSCI_7d
GAGTGAGAGCACTAAA-1,cSCI_7d_2,17713,4827,0,0,cSCI_7d
GAGTGAGCAATCTCGA-1,cSCI_7d_2,9882,3394,2,2,cSCI_7d
GAGTGTTCAGCACGAA-1,cSCI_7d_2,5105,2312,0,0,cSCI_7d
GAGTGTTCAGCTGGTC-1,cSCI_7d_2,10803,4267,0,0,cSCI_7d
GAGTGTTGTTCCCAAA-1,cSCI_7d_2,11784,4002,2,2,cSCI_7d
GAGTTACCAATTTCCT-1,cSCI_7d_2,14347,4627,0,0,cSCI_7d
GAGTTGTCACCGCTGA-1,cSCI_7d_2,36421,6502,2,2,cSCI_7d
GATAGAAAGAGCACTG-1,cSCI_7d_2,16453,4846,3,3,cSCI_7d
GATAGCTAGGGCATGT-1,cSCI_7d_2,14054,4380,0,0,cSCI_7d
GATAGCTCAGACGCTC-1,cSCI_7d_2,6310,2607,3,3,cSCI_7d
GATAGCTTCGTTCATT-1,cSCI_7d_2,13695,4336,0,0,cSCI_7d
GATAGCTTCTCTTAAC-1,cSCI_7d_2,12266,3063,0,0,cSCI_7d
GATCACAGTGGCATCC-1,cSCI_7d_2,5006,2281,1,1,cSCI_7d
GATCAGTAGGACAGTC-1,cSCI_7d_2,7435,2583,1,1,cSCI_7d
GATCAGTAGGAGACCT-1,cSCI_7d_2,12482,3804,0,0,cSCI_7d
GATCATGGTACAAAGT-1,cSCI_7d_2,5591,2654,1,1,cSCI_7d
GATCATGGTAGACAAT-1,cSCI_7d_2,7067,2935,1,1,cSCI_7d
GATCCCTCAGTTAGAA-1,cSCI_7d_2,5706,2435,1,1,cSCI_7d
GATCCCTTCTCTTCAA-1,cSCI_7d_2,16058,3967,0,0,cSCI_7d
GATCGTAGTCACCGAC-1,cSCI_7d_2,21230,5393,0,0,cSCI_7d
GATGACTAGAAGCCAC-1,cSCI_7d_2,6652,2621,1,1,cSCI_7d
GATGACTCATGGCACC-1,cSCI_7d_2,15016,3993,0,0,cSCI_7d
GATGACTGTAAGATTG-1,cSCI_7d_2,16430,4602,2,2,cSCI_7d
GATGAGGAGGGCAGAG-1,cSCI_7d_2,15461,4668,0,0,cSCI_7d
GATGAGGGTCACCTTC-1,cSCI_7d_2,26755,5914,0,0,cSCI_7d
GATGAGGGTCTGTTAG-1,cSCI_7d_2,15322,4525,2,2,cSCI_7d
GATGAGGTCAAGCCTA-1,cSCI_7d_2,24386,5286,2,2,cSCI_7d
GATGCTAAGTCATCGT-1,cSCI_7d_2,9431,3409,1,1,cSCI_7d
GATGCTACAATAGAGT-1,cSCI_7d_2,7062,2824,1,1,cSCI_7d
GATGGAGAGCTCCGAC-1,cSCI_7d_2,7466,3046,1,1,cSCI_7d
GATGGAGAGTAGGAAG-1,cSCI_7d_2,18363,4998,0,0,cSCI_7d
GATGGAGCACTTCATT-1,cSCI_7d_2,20717,4964,0,0,cSCI_7d
GATGGAGCATCACAGT-1,cSCI_7d_2,12103,3774,0,0,cSCI_7d
GATGGAGGTTAGGCTT-1,cSCI_7d_2,15391,4214,0,0,cSCI_7d
GATTCTTCAAACACGG-1,cSCI_7d_2,32489,5615,0,0,cSCI_7d
GATTGGTTCTCGTTTA-1,cSCI_7d_2,11826,3891,0,0,cSCI_7d
GATTTCTGTTACCCTC-1,cSCI_7d_2,6735,2301,0,0,cSCI_7d
GCAACATAGACGCAGT-1,cSCI_7d_2,12573,3957,0,0,cSCI_7d
GCAACATTCGATGCTA-1,cSCI_7d_2,5669,2689,1,1,cSCI_7d
GCAACCGAGTAGATCA-1,cSCI_7d_2,9869,3570,0,0,cSCI_7d
GCAACCGCACGGATCC-1,cSCI_7d_2,11412,3691,0,0,cSCI_7d
GCAACCGGTCCTCCTA-1,cSCI_7d_2,15214,4513,0,0,cSCI_7d
GCAACCGTCAATCTCT-1,cSCI_7d_2,21363,4956,2,2,cSCI_7d
GCAACCGTCTCCAATT-1,cSCI_7d_2,17801,4451,2,2,cSCI_7d
GCACATACAACGTTAC-1,cSCI_7d_2,12680,3820,1,1,cSCI_7d
GCACGTGTCAGGAAAT-1,cSCI_7d_2,19979,4990,0,0,cSCI_7d
GCACTAAAGATTGACA-1,cSCI_7d_2,16488,4803,0,0,cSCI_7d
GCAGCTGTCGCTTGCT-1,cSCI_7d_2,14832,4256,0,0,cSCI_7d
GCAGGCTCAATTGGTC-1,cSCI_7d_2,17952,4417,2,2,cSCI_7d
GCAGGCTTCCTCTTTC-1,cSCI_7d_2,11631,3521,1,1,cSCI_7d
GCAGTTAGTTGTGTAC-1,cSCI_7d_2,8479,3206,2,2,cSCI_7d
GCATCGGAGCATGAAT-1,cSCI_7d_2,11607,3961,0,0,cSCI_7d
GCATCGGTCAGTGTGT-1,cSCI_7d_2,5380,2397,0,0,cSCI_7d
GCATCTCCAATGAACA-1,cSCI_7d_2,27129,5577,3,3,cSCI_7d
GCATCTCCATATCTCT-1,cSCI_7d_2,46191,6739,0,0,cSCI_7d
GCATGATGTCGAACGA-1,cSCI_7d_2,10290,3260,2,2,cSCI_7d
GCATGATTCTAAACGC-1,cSCI_7d_2,6824,2722,0,0,cSCI_7d
GCATTAGGTACTTGTG-1,cSCI_7d_2,16033,4547,2,2,cSCI_7d
GCCAACGCAAATCGGG-1,cSCI_7d_2,5147,2358,1,1,cSCI_7d
GCCAACGCAGGCTCTG-1,cSCI_7d_2,15343,4263,3,3,cSCI_7d
GCCAACGCATCATCTT-1,cSCI_7d_2,5805,2179,0,0,cSCI_7d
GCCAACGTCGCAGTCG-1,cSCI_7d_2,13881,4063,0,0,cSCI_7d
GCCAGCACAAGCACAG-1,cSCI_7d_2,6957,2810,1,1,cSCI_7d
GCCAGGTCAGGGATAC-1,cSCI_7d_2,9052,3529,0,0,cSCI_7d
GCCAGTGAGGCATCAG-1,cSCI_7d_2,4458,2159,1,1,cSCI_7d
GCCAGTGGTAGATCGG-1,cSCI_7d_2,11047,3892,0,0,cSCI_7d
GCCATGGCAGAGGTTG-1,cSCI_7d_2,4453,2196,3,3,cSCI_7d
GCCATGGGTGGGACAT-1,cSCI_7d_2,12980,4028,1,1,cSCI_7d
GCCATGGTCCTACACC-1,cSCI_7d_2,9907,3231,3,3,cSCI_7d
GCCATTCAGTCACTGT-1,cSCI_7d_2,11509,3942,0,0,cSCI_7d
GCCATTCGTTCTGACA-1,cSCI_7d_2,24461,5201,2,2,cSCI_7d
GCCCAGACATCGTTCC-1,cSCI_7d_2,19832,4625,2,2,cSCI_7d
GCCCGAAAGGTGAGAA-1,cSCI_7d_2,5886,2490,3,3,cSCI_7d
GCCCGAACATTAAAGG-1,cSCI_7d_2,16552,4197,2,2,cSCI_7d
GCCCGAAGTATGCGGA-1,cSCI_7d_2,5753,2629,1,1,cSCI_7d
GCCCGAAGTTCCCAAA-1,cSCI_7d_2,7999,2830,1,1,cSCI_7d
GCCGATGCAATAACCC-1,cSCI_7d_2,12009,3400,2,2,cSCI_7d
GCCGATGTCGGACAAG-1,cSCI_7d_2,6463,2832,1,1,cSCI_7d
GCCGTGATCTTAATCC-1,cSCI_7d_2,8721,3031,1,1,cSCI_7d
GCCTGTTCACGTCGTG-1,cSCI_7d_2,11669,3953,2,2,cSCI_7d
GCGGAAAGTCCACACG-1,cSCI_7d_2,17432,4789,2,2,cSCI_7d
GCGTTTCAGTCTGTAC-1,cSCI_7d_2,7123,2861,3,3,cSCI_7d
GCGTTTCGTCATGCAT-1,cSCI_7d_2,15247,4482,2,2,cSCI_7d
GCTACAAAGCATTGTC-1,cSCI_7d_2,25189,5441,0,0,cSCI_7d
GCTACCTGTACTCCCT-1,cSCI_7d_2,5390,2333,1,1,cSCI_7d
GCTACCTTCGGCGATC-1,cSCI_7d_2,29235,5565,2,2,cSCI_7d
GCTCAAATCCGCTGTT-1,cSCI_7d_2,12034,3897,1,1,cSCI_7d
GCTGAATTCCATTGGA-1,cSCI_7d_2,10556,3473,2,2,cSCI_7d
GCTGCAGCAAATCGGG-1,cSCI_7d_2,9955,3609,3,3,cSCI_7d
GCTGCAGGTCGCGGTT-1,cSCI_7d_2,8537,3103,0,0,cSCI_7d
GCTGCAGTCCTAGCTC-1,cSCI_7d_2,26491,5832,0,0,cSCI_7d
GCTGGGTCATCTGGGC-1,cSCI_7d_2,6219,2437,1,1,cSCI_7d
GCTGGGTTCCTTCTAA-1,cSCI_7d_2,5738,2326,1,1,cSCI_7d
GCTGGGTTCTACTGCC-1,cSCI_7d_2,15866,4535,2,2,cSCI_7d
GCTTCACCAAAGGATT-1,cSCI_7d_2,13701,4150,3,3,cSCI_7d
GCTTCACGTGAGATCG-1,cSCI_7d_2,10023,3585,2,2,cSCI_7d
GCTTGGGAGGATTCAA-1,cSCI_7d_2,5698,2537,1,1,cSCI_7d
GCTTGGGGTTGTCATG-1,cSCI_7d_2,19282,4641,3,3,cSCI_7d
GCTTTCGCAGAAGCGT-1,cSCI_7d_2,5253,2469,1,1,cSCI_7d
GCTTTCGTCAATCTCT-1,cSCI_7d_2,8051,2906,1,1,cSCI_7d
GGAACCCTCGGTTAGT-1,cSCI_7d_2,11323,3678,1,1,cSCI_7d
GGAAGTGAGACTCCGC-1,cSCI_7d_2,12696,4150,0,0,cSCI_7d
GGAATCTAGGCTTTCA-1,cSCI_7d_2,23912,4898,0,0,cSCI_7d
GGACGTCCACGACAAG-1,cSCI_7d_2,17252,4717,3,3,cSCI_7d
GGACGTCGTTTACCTT-1,cSCI_7d_2,6987,2925,0,0,cSCI_7d
GGAGATGCAATTCACG-1,cSCI_7d_2,11469,3699,2,2,cSCI_7d
GGAGATGGTGATACCT-1,cSCI_7d_2,9026,3226,1,1,cSCI_7d
GGAGATGTCCAGTGTA-1,cSCI_7d_2,7589,3117,1,1,cSCI_7d
GGAGCAAAGAAGTGTT-1,cSCI_7d_2,14005,4335,2,2,cSCI_7d
GGAGCAAGTCGGCCTA-1,cSCI_7d_2,15938,4643,0,0,cSCI_7d
GGAGCAAGTTAGGAGC-1,cSCI_7d_2,8939,3533,1,1,cSCI_7d
GGAGCAATCCGCGGAT-1,cSCI_7d_2,8972,3487,1,1,cSCI_7d
GGAGGATCAAGTCATC-1,cSCI_7d_2,6380,2606,1,1,cSCI_7d
GGAGGTAAGACCACGA-1,cSCI_7d_2,11048,3629,1,1,cSCI_7d
GGAGGTAAGGGCAGGA-1,cSCI_7d_2,18697,4671,2,2,cSCI_7d
GGAGGTACAGTATACC-1,cSCI_7d_2,7205,2816,1,1,cSCI_7d
GGAGGTAGTGAGGAAA-1,cSCI_7d_2,6527,2865,3,3,cSCI_7d
GGAGGTATCAAAGACA-1,cSCI_7d_2,5138,2470,0,0,cSCI_7d
GGATCTATCCGAAATC-1,cSCI_7d_2,23923,5219,0,0,cSCI_7d
GGATGTTTCCACGGGT-1,cSCI_7d_2,14120,4161,1,1,cSCI_7d
GGCACGTCAAGGCGTA-1,cSCI_7d_2,5733,2537,1,1,cSCI_7d
GGCAGTCAGTTGTAGA-1,cSCI_7d_2,6239,2825,1,1,cSCI_7d
GGCAGTCGTCCGGTCA-1,cSCI_7d_2,7424,3340,1,1,cSCI_7d
GGCAGTCGTGCCGTTG-1,cSCI_7d_2,7014,2934,1,1,cSCI_7d
GGCTGTGTCATCCCGT-1,cSCI_7d_2,8026,3186,0,0,cSCI_7d
GGCTTGGAGGGAACAA-1,cSCI_7d_2,4830,2371,1,1,cSCI_7d
GGCTTGGCATCTTAGG-1,cSCI_7d_2,11536,3810,1,1,cSCI_7d
GGCTTGGTCCAATCTT-1,cSCI_7d_2,4884,2181,2,2,cSCI_7d
GGCTTTCAGAGCACTG-1,cSCI_7d_2,6160,2479,3,3,cSCI_7d
GGCTTTCAGATTGGGC-1,cSCI_7d_2,4685,2351,3,3,cSCI_7d
GGCTTTCAGTAGGAAG-1,cSCI_7d_2,13430,4054,0,0,cSCI_7d
GGGAAGTAGCCATGCC-1,cSCI_7d_2,7539,3203,0,0,cSCI_7d
GGGAAGTAGTTGGAGC-1,cSCI_7d_2,10572,3697,2,2,cSCI_7d
GGGAAGTGTATCGCGC-1,cSCI_7d_2,20107,5321,2,2,cSCI_7d
GGGACAAAGTGCGTCC-1,cSCI_7d_2,11579,3957,0,0,cSCI_7d
GGGACCTAGAATTGCA-1,cSCI_7d_2,21537,4872,2,2,cSCI_7d
GGGACCTAGCGCCTTG-1,cSCI_7d_2,15180,4392,0,0,cSCI_7d
GGGACCTAGGTACATA-1,cSCI_7d_2,11254,3771,0,0,cSCI_7d
GGGATCCCACCCTCTA-1,cSCI_7d_2,12021,4003,2,2,cSCI_7d
GGGATCCGTCTGATAC-1,cSCI_7d_2,4698,2089,1,1,cSCI_7d
GGGATCCGTTTCACAG-1,cSCI_7d_2,12387,4086,0,0,cSCI_7d
GGGATGAGTGAGACGT-1,cSCI_7d_2,10588,3765,2,2,cSCI_7d
GGGCCATCAGAAGTTA-1,cSCI_7d_2,11300,3638,2,2,cSCI_7d
GGGCGTTCACATCATG-1,cSCI_7d_2,10559,4233,1,1,cSCI_7d
GGGCGTTTCAAGTAAG-1,cSCI_7d_2,7184,2951,0,0,cSCI_7d
GGGCGTTTCCTAACAG-1,cSCI_7d_2,8796,3148,2,2,cSCI_7d
GGGCTACCACCATTCC-1,cSCI_7d_2,12333,3456,3,3,cSCI_7d
GGGCTACCATCTTAGG-1,cSCI_7d_2,9571,3272,3,3,cSCI_7d
GGGCTCACAACCGCTG-1,cSCI_7d_2,9743,3252,3,3,cSCI_7d
GGGCTCACAGCCTTCT-1,cSCI_7d_2,7996,2992,1,1,cSCI_7d
GGGTAGACACAGCCTG-1,cSCI_7d_2,9142,3452,2,2,cSCI_7d
GGGTAGACATGAAAGT-1,cSCI_7d_2,4562,2360,3,3,cSCI_7d
GGGTATTTCTAACGGT-1,cSCI_7d_2,7361,3049,1,1,cSCI_7d
GGGTCACCAACAGATA-1,cSCI_7d_2,8062,3251,1,1,cSCI_7d
GGGTCACTCTCTGAGA-1,cSCI_7d_2,11804,3802,1,1,cSCI_7d
GGGTGTCGTTGACTAC-1,cSCI_7d_2,7456,2940,2,2,cSCI_7d
GGGTGTCTCAAGCGTT-1,cSCI_7d_2,9649,3207,0,0,cSCI_7d
GGGTGTCTCAGTCAGT-1,cSCI_7d_2,10559,3770,0,0,cSCI_7d
GGGTGTCTCGACGATT-1,cSCI_7d_2,6121,2734,1,1,cSCI_7d
GGGTGTCTCGGATTAC-1,cSCI_7d_2,8705,3380,2,2,cSCI_7d
GGGTTTAAGGAACTAT-1,cSCI_7d_2,4548,2112,1,1,cSCI_7d
GGGTTTACACGGAAGT-1,cSCI_7d_2,8192,3082,1,1,cSCI_7d
GGGTTTACATGGATCT-1,cSCI_7d_2,13342,3886,0,0,cSCI_7d
GGGTTTAGTATACCCA-1,cSCI_7d_2,34078,6443,2,2,cSCI_7d
GGGTTTATCCTTATCA-1,cSCI_7d_2,5895,2378,1,1,cSCI_7d
GGTAACTGTGATGGCA-1,cSCI_7d_2,5908,2600,1,1,cSCI_7d
GGTAACTGTGCAATAA-1,cSCI_7d_2,7024,2829,1,1,cSCI_7d
GGTAATCTCTCTGAGA-1,cSCI_7d_2,5093,2250,1,1,cSCI_7d
GGTAGAGGTATAATGG-1,cSCI_7d_2,5095,2461,1,1,cSCI_7d
GGTAGAGTCCGCTAGG-1,cSCI_7d_2,17419,4783,3,3,cSCI_7d
GGTCACGAGCATATGA-1,cSCI_7d_2,8412,3129,0,0,cSCI_7d
GGTGAAGCAGCCGTCA-1,cSCI_7d_2,8800,3428,3,3,cSCI_7d
GGTGAAGCAGGAGGAG-1,cSCI_7d_2,5230,2508,1,1,cSCI_7d
GGTGATTGTGGCACTC-1,cSCI_7d_2,15179,4214,3,3,cSCI_7d
GGTGATTGTGTCCAAT-1,cSCI_7d_2,15991,4632,0,0,cSCI_7d
GGTGATTTCTGTTCAT-1,cSCI_7d_2,11628,3520,2,2,cSCI_7d
GGTGGCTGTAATGCGG-1,cSCI_7d_2,6984,2792,1,1,cSCI_7d
GGTGGCTTCGAAGGAC-1,cSCI_7d_2,16847,5122,0,0,cSCI_7d
GGTGTCGTCGAAATCC-1,cSCI_7d_2,9612,3459,0,0,cSCI_7d
GGTGTTAAGTTTCGGT-1,cSCI_7d_2,8468,3303,1,1,cSCI_7d
GGTGTTACATCCTCAC-1,cSCI_7d_2,16525,4572,2,2,cSCI_7d
GGTGTTAGTACGAGCA-1,cSCI_7d_2,11075,3846,2,2,cSCI_7d
GGTTAACCACACCTAA-1,cSCI_7d_2,45396,6993,0,0,cSCI_7d
GGTTCTCGTAGACAGC-1,cSCI_7d_2,7039,2899,3,3,cSCI_7d
GGTTGTATCCACTTCG-1,cSCI_7d_2,12553,3789,2,2,cSCI_7d
GTAACACGTACAAGCG-1,cSCI_7d_2,7489,3075,0,0,cSCI_7d
GTAACCAAGAGTGTGC-1,cSCI_7d_2,14806,4552,0,0,cSCI_7d
GTAACCAGTCCACTCT-1,cSCI_7d_2,19392,4594,0,0,cSCI_7d
GTAAGTCGTTCCCAAA-1,cSCI_7d_2,6303,2691,2,2,cSCI_7d
GTAATCGAGAAGTCAT-1,cSCI_7d_2,7667,2997,1,1,cSCI_7d
GTAATCGAGTTGCGCC-1,cSCI_7d_2,9129,3331,0,0,cSCI_7d
GTAATGCAGGGCTAAC-1,cSCI_7d_2,7388,2949,3,3,cSCI_7d
GTAATGCGTCTTCGAA-1,cSCI_7d_2,10967,3690,2,2,cSCI_7d
GTACAGTCACTTCAAG-1,cSCI_7d_2,7558,2810,1,1,cSCI_7d
GTACAGTCAGTTACCA-1,cSCI_7d_2,16948,4587,2,2,cSCI_7d
GTACAGTGTGTCCATA-1,cSCI_7d_2,8380,3506,1,1,cSCI_7d
GTAGAAAGTCACTCAA-1,cSCI_7d_2,16752,4848,0,0,cSCI_7d
GTAGAAAGTGTCGATT-1,cSCI_7d_2,10315,3600,2,2,cSCI_7d
GTAGAAATCTGAGCAT-1,cSCI_7d_2,15748,4295,0,0,cSCI_7d
GTAGAGGAGTCGGCAA-1,cSCI_7d_2,7165,2839,2,2,cSCI_7d
GTAGATCAGGATGTTA-1,cSCI_7d_2,8613,3275,0,0,cSCI_7d
GTAGCTAAGCCATTCA-1,cSCI_7d_2,7932,3064,3,3,cSCI_7d
GTAGCTAGTAAGATTG-1,cSCI_7d_2,10363,3748,1,1,cSCI_7d
GTAGCTAGTGCATTAC-1,cSCI_7d_2,18763,5182,0,0,cSCI_7d
GTAGGAGTCTCTCTTC-1,cSCI_7d_2,6596,2683,3,3,cSCI_7d
GTAGGTTAGGATTCCT-1,cSCI_7d_2,15351,4441,0,0,cSCI_7d
GTAGGTTGTATGTGTC-1,cSCI_7d_2,15546,4321,2,2,cSCI_7d
GTAGGTTTCCATACTT-1,cSCI_7d_2,23285,4993,0,0,cSCI_7d
GTAGTACCACTCCCTA-1,cSCI_7d_2,7687,2985,0,0,cSCI_7d
GTAGTACTCACGATCA-1,cSCI_7d_2,6132,2782,2,2,cSCI_7d
GTATTGGAGAGTAACT-1,cSCI_7d_2,14335,4268,2,2,cSCI_7d
GTATTGGCAAACGGCA-1,cSCI_7d_2,9306,3240,0,0,cSCI_7d
GTATTGGCAGCCGGTT-1,cSCI_7d_2,15238,4679,0,0,cSCI_7d
GTATTTCTCCTTTGAT-1,cSCI_7d_2,30840,5881,2,2,cSCI_7d
GTATTTCTCTCGGTAA-1,cSCI_7d_2,30883,5965,2,2,cSCI_7d
GTCAAACAGCGAGAAA-1,cSCI_7d_2,7206,2856,1,1,cSCI_7d
GTCAAACCACTGCGTG-1,cSCI_7d_2,7439,2965,1,1,cSCI_7d
GTCAAACGTAGGAGGG-1,cSCI_7d_2,24256,5594,0,0,cSCI_7d
GTCAAGTGTCCGGACT-1,cSCI_7d_2,7511,3066,1,1,cSCI_7d
GTCAAGTGTCTCGGAC-1,cSCI_7d_2,6043,2604,1,1,cSCI_7d
GTCACGGCATGGGTCC-1,cSCI_7d_2,6469,2538,1,1,cSCI_7d
GTCACGGCATGTCAGT-1,cSCI_7d_2,4975,2327,1,1,cSCI_7d
GTCACGGGTAGCGCCT-1,cSCI_7d_2,23469,5347,0,0,cSCI_7d
GTCACTCAGGAAACGA-1,cSCI_7d_2,6262,2509,3,3,cSCI_7d
GTCACTCTCTTCTGTA-1,cSCI_7d_2,16350,3895,3,3,cSCI_7d
GTCAGCGAGTTTCAGC-1,cSCI_7d_2,16957,4914,0,0,cSCI_7d
GTCAGCGGTGTAGCAG-1,cSCI_7d_2,7969,3108,0,0,cSCI_7d
GTCAGCGTCTCACGAA-1,cSCI_7d_2,5832,2521,1,1,cSCI_7d
GTCATCCTCATCGTAG-1,cSCI_7d_2,14783,4435,0,0,cSCI_7d
GTCATCCTCCATTTAC-1,cSCI_7d_2,6954,2351,1,1,cSCI_7d
GTCATCCTCTCCAAGA-1,cSCI_7d_2,8475,2781,1,1,cSCI_7d
GTCATTTAGGCCTGAA-1,cSCI_7d_2,20343,5164,0,0,cSCI_7d
GTCATTTAGTTACGAA-1,cSCI_7d_2,11187,3664,0,0,cSCI_7d
GTCATTTTCCTTCTTC-1,cSCI_7d_2,18917,5049,0,0,cSCI_7d
GTCCACTGTAGTCTTG-1,cSCI_7d_2,10551,3661,0,0,cSCI_7d
GTCCACTGTTCTGAGT-1,cSCI_7d_2,12318,3651,1,1,cSCI_7d
GTCCCATAGGTTGGTG-1,cSCI_7d_2,10545,3816,0,0,cSCI_7d
GTCCCATGTACGAGTG-1,cSCI_7d_2,12133,4089,2,2,cSCI_7d
GTCCCATGTCCACTTC-1,cSCI_7d_2,8942,3135,0,0,cSCI_7d
GTCCTCACAGCAGTCC-1,cSCI_7d_2,15032,4082,2,2,cSCI_7d
GTCGAATAGTGTACAA-1,cSCI_7d_2,8174,3236,0,0,cSCI_7d
GTCGAATTCAGCGGAA-1,cSCI_7d_2,23168,5506,2,2,cSCI_7d
GTCGCGAAGACGCTCC-1,cSCI_7d_2,5790,2644,1,1,cSCI_7d
GTCGCGATCGTAGCCG-1,cSCI_7d_2,6548,2877,0,0,cSCI_7d
GTCGTTCCACGGCTAC-1,cSCI_7d_2,17982,4585,2,2,cSCI_7d
GTCGTTCCATCGCTAA-1,cSCI_7d_2,9155,3244,2,2,cSCI_7d
GTCTACCCATTCTCTA-1,cSCI_7d_2,12968,3493,1,1,cSCI_7d
GTCTAGACATAGCACT-1,cSCI_7d_2,29141,5497,0,0,cSCI_7d
GTCTAGAGTAGGTTTC-1,cSCI_7d_2,6333,2749,1,1,cSCI_7d
GTCTCACAGTTTCTTC-1,cSCI_7d_2,7661,2587,2,2,cSCI_7d
GTCTCACGTCACCCTT-1,cSCI_7d_2,42129,6324,2,2,cSCI_7d
GTCTCACGTTCTCCAC-1,cSCI_7d_2,11335,3444,1,1,cSCI_7d
GTCTGTCAGCATTGAA-1,cSCI_7d_2,12701,3849,2,2,cSCI_7d
GTCTTTACAGGTTCGC-1,cSCI_7d_2,13739,4895,1,1,cSCI_7d
GTGACGCTCCAGTACA-1,cSCI_7d_2,15944,4739,2,2,cSCI_7d
GTGAGCCCAGAGGTTG-1,cSCI_7d_2,7261,2850,1,1,cSCI_7d
GTGAGCCGTACAAAGT-1,cSCI_7d_2,16311,4694,0,0,cSCI_7d
GTGAGGACACACGGAA-1,cSCI_7d_2,16533,4903,2,2,cSCI_7d
GTGATGTAGACCACGA-1,cSCI_7d_2,4103,2128,1,1,cSCI_7d
GTGATGTAGTATCCTG-1,cSCI_7d_2,14915,4183,0,0,cSCI_7d
GTGATGTCAATTCACG-1,cSCI_7d_2,16674,4579,0,0,cSCI_7d
GTGATGTGTCTTGTCC-1,cSCI_7d_2,5157,2375,2,2,cSCI_7d
GTGCACGAGGTACATA-1,cSCI_7d_2,5574,2332,1,1,cSCI_7d
GTGCACGAGTTAACGA-1,cSCI_7d_2,5155,2475,1,1,cSCI_7d
GTGCACGCATGACTCA-1,cSCI_7d_2,15411,4366,2,2,cSCI_7d
GTGCACGCATGGTACT-1,cSCI_7d_2,4615,2178,1,1,cSCI_7d
GTGCACGTCACTACTT-1,cSCI_7d_2,16073,4234,1,1,cSCI_7d
GTGCACGTCCTACGGG-1,cSCI_7d_2,8625,3208,2,2,cSCI_7d
GTGCAGCGTAATACCC-1,cSCI_7d_2,8506,3434,2,2,cSCI_7d
GTGCAGCGTCCATACA-1,cSCI_7d_2,4023,2083,1,1,cSCI_7d
GTGCTGGTCCTTATCA-1,cSCI_7d_2,14108,4392,0,0,cSCI_7d
GTGCTTCAGGTCACTT-1,cSCI_7d_2,17281,4345,3,3,cSCI_7d
GTGCTTCTCCGCGAGT-1,cSCI_7d_2,9982,3339,2,2,cSCI_7d
GTGGAGACAGAGTGAC-1,cSCI_7d_2,8301,2937,3,3,cSCI_7d
GTGGAGATCGTACACA-1,cSCI_7d_2,11307,3765,0,0,cSCI_7d
GTGGCGTAGCACGTCC-1,cSCI_7d_2,8827,3331,0,0,cSCI_7d
GTGGCGTGTAGCTGTT-1,cSCI_7d_2,10668,3777,2,2,cSCI_7d
GTGGCGTTCATGAGGG-1,cSCI_7d_2,4975,2320,2,2,cSCI_7d
GTGGGAAAGGTCGAGT-1,cSCI_7d_2,12583,4160,0,0,cSCI_7d
GTGGGAATCCACTGGG-1,cSCI_7d_2,18794,4970,0,0,cSCI_7d
GTGGTTACATCCAATG-1,cSCI_7d_2,11083,3405,0,0,cSCI_7d
GTGGTTATCGGTGTAT-1,cSCI_7d_2,25849,5635,0,0,cSCI_7d
GTGTAACGTCCAGGTC-1,cSCI_7d_2,11093,3758,0,0,cSCI_7d
GTGTGGCAGCTAAATG-1,cSCI_7d_2,7357,3115,0,0,cSCI_7d
GTGTGGCCATCGAACT-1,cSCI_7d_2,13145,4002,0,0,cSCI_7d
GTGTGGCCATTGGGAG-1,cSCI_7d_2,7777,3106,2,2,cSCI_7d
GTGTGGCGTATCGCAT-1,cSCI_7d_2,20866,5292,2,2,cSCI_7d
GTGTTAGCACGTCATA-1,cSCI_7d_2,8621,3373,1,1,cSCI_7d
GTGTTAGCAGGTGTTT-1,cSCI_7d_2,8572,3387,0,0,cSCI_7d
GTGTTAGGTGGATCAG-1,cSCI_7d_2,7349,2842,2,2,cSCI_7d
GTGTTCCAGGCTAACG-1,cSCI_7d_2,5513,2608,0,0,cSCI_7d
GTGTTCCAGTCACGAG-1,cSCI_7d_2,5828,2590,1,1,cSCI_7d
GTTACAGCACCGGAAA-1,cSCI_7d_2,11418,3777,2,2,cSCI_7d
GTTACAGGTGATACTC-1,cSCI_7d_2,14372,4237,0,0,cSCI_7d
GTTACCCAGGGTACAC-1,cSCI_7d_2,9636,3363,1,1,cSCI_7d
GTTACCCCAGATCCAT-1,cSCI_7d_2,14666,4107,0,0,cSCI_7d
GTTACGACAATTTCGG-1,cSCI_7d_2,7808,2923,1,1,cSCI_7d
GTTACGAGTGTAGTGG-1,cSCI_7d_2,6316,2914,0,0,cSCI_7d
GTTACGATCTTGGTCC-1,cSCI_7d_2,15739,4266,1,1,cSCI_7d
GTTAGACAGAGCTTTC-1,cSCI_7d_2,25814,5382,2,2,cSCI_7d
GTTAGACCATGGAATA-1,cSCI_7d_2,28825,6109,2,2,cSCI_7d
GTTAGACGTTTGTGGT-1,cSCI_7d_2,7559,3182,1,1,cSCI_7d
GTTAGACTCCTTCTGG-1,cSCI_7d_2,10209,3216,1,1,cSCI_7d
GTTAGACTCGAGAGAC-1,cSCI_7d_2,5849,2326,2,2,cSCI_7d
GTTATGGCACGTACAT-1,cSCI_7d_2,7651,2861,1,1,cSCI_7d
GTTCCGTGTGTTGATC-1,cSCI_7d_2,4676,2246,3,3,cSCI_7d
GTTCCGTGTTAGGGTG-1,cSCI_7d_2,10382,3566,1,1,cSCI_7d
GTTCGCTCACGATAGG-1,cSCI_7d_2,7399,3003,1,1,cSCI_7d
GTTCTATCAGGCTTGC-1,cSCI_7d_2,21576,5115,2,2,cSCI_7d
GTTCTATCATCGTGGC-1,cSCI_7d_2,19100,4840,2,2,cSCI_7d
GTTCTATGTATCGGTT-1,cSCI_7d_2,5265,2438,3,3,cSCI_7d
GTTCTATGTCAACCTA-1,cSCI_7d_2,6404,2543,1,1,cSCI_7d
GTTGAACGTACAATAG-1,cSCI_7d_2,14167,4164,0,0,cSCI_7d
GTTGAACGTCAACCTA-1,cSCI_7d_2,8857,3043,1,1,cSCI_7d
GTTGAACTCTCTGCCA-1,cSCI_7d_2,8573,3062,0,0,cSCI_7d
GTTGCGGAGGGAGTTC-1,cSCI_7d_2,8796,3303,3,3,cSCI_7d
GTTGCTCAGTTGGAAT-1,cSCI_7d_2,7437,3272,3,3,cSCI_7d
GTTGCTCGTCTGATAC-1,cSCI_7d_2,12154,3842,0,0,cSCI_7d
GTTGTAGAGGAACTCG-1,cSCI_7d_2,11179,3889,0,0,cSCI_7d
GTTGTAGCAAGGCGTA-1,cSCI_7d_2,14359,4168,3,3,cSCI_7d
GTTGTAGCACATTACG-1,cSCI_7d_2,17608,4857,0,0,cSCI_7d
GTTGTAGGTAATGATG-1,cSCI_7d_2,6134,2431,2,2,cSCI_7d
GTTGTAGTCTAGCATG-1,cSCI_7d_2,5555,2634,1,1,cSCI_7d
GTTGTCCAGCTAGATA-1,cSCI_7d_2,19005,4428,0,0,cSCI_7d
GTTGTCCCACGTCTCT-1,cSCI_7d_2,8865,3381,0,0,cSCI_7d
GTTGTCCGTAGTCTTG-1,cSCI_7d_2,6974,2820,3,3,cSCI_7d
GTTGTCCTCGCGTGAC-1,cSCI_7d_2,7448,2754,0,0,cSCI_7d
GTTGTCCTCTTCCAGC-1,cSCI_7d_2,8167,2867,1,1,cSCI_7d
GTTGTGACAGCAAGAC-1,cSCI_7d_2,8243,3106,0,0,cSCI_7d
GTTGTGAGTTCAGCTA-1,cSCI_7d_2,10035,3608,0,0,cSCI_7d
GTTGTGATCCTCATAT-1,cSCI_7d_2,19200,4918,2,2,cSCI_7d
GTTGTGATCGCACTCT-1,cSCI_7d_2,25306,5515,0,0,cSCI_7d
GTTGTGATCTTGAGCA-1,cSCI_7d_2,9163,3249,2,2,cSCI_7d
GTTTGGACATGGGTCC-1,cSCI_7d_2,5913,2459,1,1,cSCI_7d
GTTTGGAGTTGTGTAC-1,cSCI_7d_2,14550,4469,0,0,cSCI_7d
TAACACGAGATTGTGA-1,cSCI_7d_2,5290,2552,1,1,cSCI_7d
TAACACGTCAGGCGAA-1,cSCI_7d_2,20589,5100,2,2,cSCI_7d
TAACCAGAGAACTTCC-1,cSCI_7d_2,8707,2922,0,0,cSCI_7d
TAACCAGCATAATCCG-1,cSCI_7d_2,29240,5436,3,3,cSCI_7d
TAACGACAGATGAAGG-1,cSCI_7d_2,4336,2093,2,2,cSCI_7d
TAACGACAGTACGTCT-1,cSCI_7d_2,9950,3338,3,3,cSCI_7d
TAACGACGTACTGACT-1,cSCI_7d_2,16781,4469,0,0,cSCI_7d
TAACGACTCTCAACGA-1,cSCI_7d_2,9238,3043,2,2,cSCI_7d
TAACTTCAGCATTTCG-1,cSCI_7d_2,24294,5157,0,0,cSCI_7d
TAACTTCCACGCGCTA-1,cSCI_7d_2,14637,3978,0,0,cSCI_7d
TAACTTCTCGCTGACG-1,cSCI_7d_2,8862,2993,1,1,cSCI_7d
TAAGCACAGGCTAGCA-1,cSCI_7d_2,21018,4873,3,3,cSCI_7d
TAAGCACAGTGATGGC-1,cSCI_7d_2,6266,3201,1,1,cSCI_7d
TAAGCACAGTGCGACA-1,cSCI_7d_2,4418,2245,1,1,cSCI_7d
TAAGCACCAAACTCTG-1,cSCI_7d_2,13708,4151,2,2,cSCI_7d
TAAGCCACAACACACT-1,cSCI_7d_2,11493,3294,3,3,cSCI_7d
TAAGCCAGTGAATATG-1,cSCI_7d_2,7595,3028,2,2,cSCI_7d
TAAGCCATCCGTGTCT-1,cSCI_7d_2,6831,2687,1,1,cSCI_7d
TAAGCCATCTATTGTC-1,cSCI_7d_2,18259,4787,0,0,cSCI_7d
TAATCTCAGTATGATG-1,cSCI_7d_2,6384,2687,0,0,cSCI_7d
TAATTCCAGAGTCTTC-1,cSCI_7d_2,23672,5111,0,0,cSCI_7d
TACAACGGTCTCGCGA-1,cSCI_7d_2,13350,3869,3,3,cSCI_7d
TACAACGGTTATGTGC-1,cSCI_7d_2,7143,2831,0,0,cSCI_7d
TACACCCCACCAATTG-1,cSCI_7d_2,14587,4121,2,2,cSCI_7d
TACAGGTAGCCATATC-1,cSCI_7d_2,14591,4122,2,2,cSCI_7d
TACAGGTGTATATGGA-1,cSCI_7d_2,7122,3092,2,2,cSCI_7d
TACAGGTTCACAACCA-1,cSCI_7d_2,19483,4792,2,2,cSCI_7d
TACATTCAGCAGTACG-1,cSCI_7d_2,18625,4604,0,0,cSCI_7d
TACATTCAGTCGGGAT-1,cSCI_7d_2,9762,3463,2,2,cSCI_7d
TACATTCGTAGAATGT-1,cSCI_7d_2,9921,3370,1,1,cSCI_7d
TACCCACCACCGGTCA-1,cSCI_7d_2,34916,6543,0,0,cSCI_7d
TACCCACCAGATACTC-1,cSCI_7d_2,16611,4178,0,0,cSCI_7d
TACCCGTCAAGTGGTG-1,cSCI_7d_2,7605,2880,1,1,cSCI_7d
TACCTCGTCGCTGATA-1,cSCI_7d_2,17872,4436,0,0,cSCI_7d
TACCTGCCAAGACCTT-1,cSCI_7d_2,11985,3832,0,0,cSCI_7d
TACCTGCCATCCGGTG-1,cSCI_7d_2,32592,6507,0,0,cSCI_7d
TACCTGCTCTCTGGTC-1,cSCI_7d_2,22201,4997,0,0,cSCI_7d
TACGCTCAGACTCTTG-1,cSCI_7d_2,11413,3444,0,0,cSCI_7d
TACGCTCAGCCAAGTG-1,cSCI_7d_2,9010,3012,1,1,cSCI_7d
TACGCTCGTTTACTGG-1,cSCI_7d_2,9937,3519,0,0,cSCI_7d
TACGTCCCAGTAACCT-1,cSCI_7d_2,10577,3534,1,1,cSCI_7d
TACGTCCGTCTTGAGT-1,cSCI_7d_2,8502,3134,1,1,cSCI_7d
TACGTCCTCTTGCAGA-1,cSCI_7d_2,7221,2744,0,0,cSCI_7d
TACTGCCGTATCGTAC-1,cSCI_7d_2,10890,3529,1,1,cSCI_7d
TACTGCCGTATGCTAC-1,cSCI_7d_2,12697,3823,3,3,cSCI_7d
TACTTACTCCATCTAT-1,cSCI_7d_2,23897,4485,2,2,cSCI_7d
TACTTCAGTTCTCCAC-1,cSCI_7d_2,14174,3912,3,3,cSCI_7d
TAGACTGGTTTGGGAG-1,cSCI_7d_2,8717,3445,3,3,cSCI_7d
TAGACTGTCTGCTCTG-1,cSCI_7d_2,18553,4786,2,2,cSCI_7d
TAGAGTCCATAATGCC-1,cSCI_7d_2,16982,4093,0,0,cSCI_7d
TAGAGTCGTATCGTAC-1,cSCI_7d_2,11443,4046,3,3,cSCI_7d
TAGATCGCAAATACGA-1,cSCI_7d_2,16292,4304,1,1,cSCI_7d
TAGCACAGTAAGTAGT-1,cSCI_7d_2,10117,3876,0,0,cSCI_7d
TAGCACATCTGGAAGG-1,cSCI_7d_2,7861,3063,2,2,cSCI_7d
TAGGTACAGACTGTTC-1,cSCI_7d_2,8583,3179,0,0,cSCI_7d
TAGGTACAGGTTCATC-1,cSCI_7d_2,10872,3340,3,3,cSCI_7d
TAGGTTGCAGCGTGCT-1,cSCI_7d_2,9572,3517,0,0,cSCI_7d
TAGGTTGTCACGTCCT-1,cSCI_7d_2,7126,2806,3,3,cSCI_7d
TAGGTTGTCTACTGAG-1,cSCI_7d_2,13932,4287,0,0,cSCI_7d
TAGTGCAAGTGTACCT-1,cSCI_7d_2,13137,4089,0,0,cSCI_7d
TATCAGGGTAGTCACT-1,cSCI_7d_2,8186,3153,3,3,cSCI_7d
TATCAGGTCCAACACA-1,cSCI_7d_2,15659,4201,2,2,cSCI_7d
TATCGCCTCGCTAAAC-1,cSCI_7d_2,7213,2639,1,1,cSCI_7d
TATCTGTCAATTGCAC-1,cSCI_7d_2,9538,2919,1,1,cSCI_7d
TATCTTGAGACTAAGT-1,cSCI_7d_2,12380,3759,3,3,cSCI_7d
TATGTTCAGTTCATGC-1,cSCI_7d_2,20936,4758,3,3,cSCI_7d
TATGTTCCACAGTGAG-1,cSCI_7d_2,14011,3968,0,0,cSCI_7d
TATGTTCTCCTTCACG-1,cSCI_7d_2,17618,4401,0,0,cSCI_7d
TATTGCTGTCGAATTC-1,cSCI_7d_2,14724,4350,2,2,cSCI_7d
TATTGCTTCCTATTGT-1,cSCI_7d_2,12634,3687,0,0,cSCI_7d
TATTGGGGTGCCTAAT-1,cSCI_7d_2,11712,3743,0,0,cSCI_7d
TCAAGCAGTAAGGCTG-1,cSCI_7d_2,9295,3181,1,1,cSCI_7d
TCAAGCAGTGCATGTT-1,cSCI_7d_2,16307,4272,0,0,cSCI_7d
TCAAGTGAGGTTACAA-1,cSCI_7d_2,7491,3049,3,3,cSCI_7d
TCAAGTGCATGTCGTA-1,cSCI_7d_2,8533,3122,2,2,cSCI_7d
TCAAGTGTCGGCTGAC-1,cSCI_7d_2,11862,3979,0,0,cSCI_7d
TCAATCTCAACCCTAA-1,cSCI_7d_2,19308,4530,0,0,cSCI_7d
TCAATCTGTAACGATA-1,cSCI_7d_2,8237,2950,1,1,cSCI_7d
TCAATCTTCCTACCAC-1,cSCI_7d_2,22641,5397,0,0,cSCI_7d
TCAATTCGTACAACGG-1,cSCI_7d_2,18353,4624,1,1,cSCI_7d
TCACAAGCATACACCA-1,cSCI_7d_2,8185,2422,2,2,cSCI_7d
TCACAAGTCTAGTGTG-1,cSCI_7d_2,19288,4658,2,2,cSCI_7d
TCACACCCAGTGGTGA-1,cSCI_7d_2,14993,4103,1,1,cSCI_7d
TCACGCTCACAAAGCG-1,cSCI_7d_2,16626,4352,3,3,cSCI_7d
TCACGCTTCCCATACC-1,cSCI_7d_2,8605,2721,1,1,cSCI_7d
TCACTATCAGCCTATA-1,cSCI_7d_2,10599,3276,0,0,cSCI_7d
TCACTCGAGCACTCGC-1,cSCI_7d_2,5333,2355,1,1,cSCI_7d
TCACTCGCATACCAGT-1,cSCI_7d_2,15896,4144,1,1,cSCI_7d
TCAGCAAAGGTTTACC-1,cSCI_7d_2,9301,3443,1,1,cSCI_7d
TCAGCAACACTTTATC-1,cSCI_7d_2,13833,3830,1,1,cSCI_7d
TCAGCAACAGTGTACT-1,cSCI_7d_2,4478,2165,1,1,cSCI_7d
TCAGCAAGTATGAGGC-1,cSCI_7d_2,21160,6650,1,1,cSCI_7d
TCAGCAATCGCAGAGA-1,cSCI_7d_2,5288,2483,2,2,cSCI_7d
TCAGCCTTCCATACAG-1,cSCI_7d_2,7898,2425,3,3,cSCI_7d
TCAGGGCTCTGCTGAA-1,cSCI_7d_2,14009,4019,0,0,cSCI_7d
TCAGGTAAGGCTATCT-1,cSCI_7d_2,6916,2601,0,0,cSCI_7d
TCAGGTAGTCTTAGTG-1,cSCI_7d_2,13136,3824,2,2,cSCI_7d
TCAGGTATCTAGTTCT-1,cSCI_7d_2,27124,5186,3,3,cSCI_7d
TCAGTGAAGAGTTCGG-1,cSCI_7d_2,8584,3240,0,0,cSCI_7d
TCAGTTTGTTTACACG-1,cSCI_7d_2,6504,2692,1,1,cSCI_7d
TCATACTCACCCTGAG-1,cSCI_7d_2,9414,2994,1,1,cSCI_7d
TCATACTCACCGTACG-1,cSCI_7d_2,16668,4201,0,0,cSCI_7d
TCATACTGTTGTGCCG-1,cSCI_7d_2,16764,4457,0,0,cSCI_7d
TCATATCCACTGAGGA-1,cSCI_7d_2,9456,3342,1,1,cSCI_7d
TCATATCGTGTAAACA-1,cSCI_7d_2,7322,3156,1,1,cSCI_7d
TCATATCTCCTTACCG-1,cSCI_7d_2,32702,6211,0,0,cSCI_7d
TCATCATAGGCTTTCA-1,cSCI_7d_2,19669,4648,2,2,cSCI_7d
TCATCATAGTGATCGG-1,cSCI_7d_2,10441,3502,0,0,cSCI_7d
TCATCATCAAGTGGTG-1,cSCI_7d_2,6518,2697,1,1,cSCI_7d
TCATCATCATGGTGGA-1,cSCI_7d_2,6578,2571,1,1,cSCI_7d
TCATCATGTCAAGCCC-1,cSCI_7d_2,9845,3140,1,1,cSCI_7d
TCATCCGTCTAGCATG-1,cSCI_7d_2,7135,2565,1,1,cSCI_7d
TCATCCGTCTGCTGAA-1,cSCI_7d_2,15710,4356,0,0,cSCI_7d
TCATGAGAGTACAACA-1,cSCI_7d_2,14827,4206,0,0,cSCI_7d
TCATGAGGTGGTACAG-1,cSCI_7d_2,6447,2648,1,1,cSCI_7d
TCATGCCAGTTTGAGA-1,cSCI_7d_2,4683,2118,1,1,cSCI_7d
TCATGCCGTTCTCCTG-1,cSCI_7d_2,30142,6440,0,0,cSCI_7d
TCATGCCTCCATTGGA-1,cSCI_7d_2,27205,5252,0,0,cSCI_7d
TCATGGACAAGGTCGA-1,cSCI_7d_2,6410,2793,1,1,cSCI_7d
TCATGGACAGGAGGAG-1,cSCI_7d_2,19757,4893,2,2,cSCI_7d
TCATGGATCATGAGTC-1,cSCI_7d_2,22040,5161,2,2,cSCI_7d
TCATGTTAGCAGCACA-1,cSCI_7d_2,14220,3765,3,3,cSCI_7d
TCATGTTCACCTCAGG-1,cSCI_7d_2,26400,5455,2,2,cSCI_7d
TCATTACAGAGGGTAA-1,cSCI_7d_2,5388,2371,1,1,cSCI_7d
TCATTACCATCCTGTC-1,cSCI_7d_2,21994,5152,0,0,cSCI_7d
TCATTACTCCAAACCA-1,cSCI_7d_2,8661,2924,1,1,cSCI_7d
TCATTGTAGGCCTGAA-1,cSCI_7d_2,15305,4317,2,2,cSCI_7d
TCCACCAGTGAGACGT-1,cSCI_7d_2,6959,2661,1,1,cSCI_7d
TCCACCAGTGATGAAT-1,cSCI_7d_2,13381,3887,0,0,cSCI_7d
TCCACCAGTTGATCGT-1,cSCI_7d_2,20074,5036,0,0,cSCI_7d
TCCACGTAGCCAACCC-1,cSCI_7d_2,22664,5133,2,2,cSCI_7d
TCCACGTAGGGACCAT-1,cSCI_7d_2,12476,3863,0,0,cSCI_7d
TCCACGTCACGGTGAA-1,cSCI_7d_2,35571,6499,0,0,cSCI_7d
TCCACGTCACTCCACT-1,cSCI_7d_2,7797,2884,1,1,cSCI_7d
TCCACGTTCCGTAGTA-1,cSCI_7d_2,10752,3358,2,2,cSCI_7d
TCCAGAACAAATACGA-1,cSCI_7d_2,6934,2629,1,1,cSCI_7d
TCCAGAAGTAGAGATT-1,cSCI_7d_2,17498,4491,2,2,cSCI_7d
TCCATCGGTTGACTGT-1,cSCI_7d_2,10810,3657,3,3,cSCI_7d
TCCATGCAGGAGGGTG-1,cSCI_7d_2,7126,2822,0,0,cSCI_7d
TCCATGCTCGGTATGT-1,cSCI_7d_2,8233,3345,0,0,cSCI_7d
TCCCACAGTTTCAGAC-1,cSCI_7d_2,9498,3089,1,1,cSCI_7d
TCCCACATCACCTTGC-1,cSCI_7d_2,36110,6295,0,0,cSCI_7d
TCCCAGTGTGGATCAG-1,cSCI_7d_2,13416,3958,3,3,cSCI_7d
TCCGGGACATGCCGCA-1,cSCI_7d_2,9228,3124,1,1,cSCI_7d
TCCGGGAGTCATCACA-1,cSCI_7d_2,13571,4145,2,2,cSCI_7d
TCCGTGTTCCGGTAAT-1,cSCI_7d_2,9090,3489,2,2,cSCI_7d
TCCTAATGTCAAAGCG-1,cSCI_7d_2,17512,4424,3,3,cSCI_7d
TCCTAATTCACACGAT-1,cSCI_7d_2,8698,3024,1,1,cSCI_7d
TCCTAATTCGATTCCC-1,cSCI_7d_2,12229,3274,1,1,cSCI_7d
TCCTCGAAGGGTTTCT-1,cSCI_7d_2,14642,4269,2,2,cSCI_7d
TCCTCTTGTATGGAGC-1,cSCI_7d_2,7417,2663,2,2,cSCI_7d
TCCTCTTTCGCAGAGA-1,cSCI_7d_2,6468,2562,1,1,cSCI_7d
TCCTGCACAAGTATAG-1,cSCI_7d_2,7190,2899,1,1,cSCI_7d
TCCTTCTTCCTAGCTC-1,cSCI_7d_2,16540,4181,2,2,cSCI_7d
TCCTTTCGTCACTCAA-1,cSCI_7d_2,7357,2763,1,1,cSCI_7d
TCGAACAAGCGTTAGG-1,cSCI_7d_2,5718,2537,1,1,cSCI_7d
TCGAACAAGCTAAATG-1,cSCI_7d_2,5334,2414,1,1,cSCI_7d
TCGAACAGTCCTATAG-1,cSCI_7d_2,26827,5677,2,2,cSCI_7d
TCGAAGTAGATGTTCC-1,cSCI_7d_2,15989,4652,0,0,cSCI_7d
TCGACCTTCAGCCTTC-1,cSCI_7d_2,24125,5120,0,0,cSCI_7d
TCGACGGTCTTCGATT-1,cSCI_7d_2,9627,3073,3,3,cSCI_7d
TCGATTTAGACCAAAT-1,cSCI_7d_2,5402,2204,2,2,cSCI_7d
TCGATTTCAACGTTAC-1,cSCI_7d_2,8561,3143,2,2,cSCI_7d
TCGCACTGTTCAAAGA-1,cSCI_7d_2,12565,3937,0,0,cSCI_7d
TCGCACTTCCCTGTTG-1,cSCI_7d_2,15861,3621,2,2,cSCI_7d
TCGCACTTCGAGTGAG-1,cSCI_7d_2,5232,2469,3,3,cSCI_7d
TCGCACTTCGTGAGAG-1,cSCI_7d_2,6351,2823,0,0,cSCI_7d
TCGCAGGCAATAACCC-1,cSCI_7d_2,14440,3710,1,1,cSCI_7d
TCGCAGGGTACTGAGG-1,cSCI_7d_2,16464,4649,0,0,cSCI_7d
TCGCTCACACCGTGCA-1,cSCI_7d_2,8045,3117,3,3,cSCI_7d
TCGCTCACAGGCATGA-1,cSCI_7d_2,9060,3068,1,1,cSCI_7d
TCGCTCAGTGATAGTA-1,cSCI_7d_2,13995,3886,0,0,cSCI_7d
TCGCTCATCAGACCCG-1,cSCI_7d_2,7557,2527,1,1,cSCI_7d
TCGCTTGTCGCTGATA-1,cSCI_7d_2,12612,3863,1,1,cSCI_7d
TCGGGACAGCCTCTCT-1,cSCI_7d_2,8404,3107,3,3,cSCI_7d
TCGGGCAGTCAAATCC-1,cSCI_7d_2,5886,2379,1,1,cSCI_7d
TCGGGCATCGATTTCT-1,cSCI_7d_2,17263,4794,0,0,cSCI_7d
TCGGGCATCTCGGCTT-1,cSCI_7d_2,19393,5081,0,0,cSCI_7d
TCGGGTGTCGTTAGAC-1,cSCI_7d_2,8044,3065,2,2,cSCI_7d
TCGGTCTCATCTCATT-1,cSCI_7d_2,17547,4658,3,3,cSCI_7d
TCGTAGACACATGAAA-1,cSCI_7d_2,3520,2009,1,1,cSCI_7d
TCGTAGATCACTGGGC-1,cSCI_7d_2,18685,4753,0,0,cSCI_7d
TCGTCCAAGAGGGTGG-1,cSCI_7d_2,6755,2807,1,1,cSCI_7d
TCGTCCAGTAAGTTGA-1,cSCI_7d_2,11718,3808,0,0,cSCI_7d
TCGTCCATCGTGAGAG-1,cSCI_7d_2,5014,2294,1,1,cSCI_7d
TCGTGCTCATATGGCT-1,cSCI_7d_2,24102,5477,2,2,cSCI_7d
TCTAACTAGGATTTAG-1,cSCI_7d_2,23695,5408,2,2,cSCI_7d
TCTAACTTCGTGTGAT-1,cSCI_7d_2,5585,2365,1,1,cSCI_7d
TCTACCGAGCGAAACC-1,cSCI_7d_2,16545,4458,0,0,cSCI_7d
TCTACCGCAACATACC-1,cSCI_7d_2,13548,3566,2,2,cSCI_7d
TCTACCGTCCCGAGAC-1,cSCI_7d_2,9536,3061,1,1,cSCI_7d
TCTCAGCTCAGGCGAA-1,cSCI_7d_2,17243,4233,0,0,cSCI_7d
TCTCTGGAGGTTCCAT-1,cSCI_7d_2,20407,4637,0,0,cSCI_7d
TCTCTGGGTCCACTCT-1,cSCI_7d_2,6155,2840,0,0,cSCI_7d
TCTGCCACAAGTGGGT-1,cSCI_7d_2,10658,3320,0,0,cSCI_7d
TCTGCCAGTACTAAGA-1,cSCI_7d_2,6270,2321,1,1,cSCI_7d
TCTGGCTTCATGCTAG-1,cSCI_7d_2,7808,2811,1,1,cSCI_7d
TCTGGCTTCGTGCGAC-1,cSCI_7d_2,7992,3291,0,0,cSCI_7d
TCTGTCGAGGTTGGAC-1,cSCI_7d_2,5972,2646,3,3,cSCI_7d
TCTGTCGGTGTTCGTA-1,cSCI_7d_2,6327,2865,1,1,cSCI_7d
TCTTAGTGTCCTACGG-1,cSCI_7d_2,14624,3905,0,0,cSCI_7d
TCTTCCTTCCTGGCTT-1,cSCI_7d_2,18706,4570,2,2,cSCI_7d
TCTTGCGTCCGTCAAA-1,cSCI_7d_2,11991,3741,2,2,cSCI_7d
TCTTGCGTCGAGTCCG-1,cSCI_7d_2,5900,2740,3,3,cSCI_7d
TCTTTGAGTCTCTCTG-1,cSCI_7d_2,24336,5142,2,2,cSCI_7d
TGAACGTCATGCGTGC-1,cSCI_7d_2,5339,2369,1,1,cSCI_7d
TGAACGTGTGCTCTTC-1,cSCI_7d_2,6368,2575,1,1,cSCI_7d
TGAACGTTCGACGCGT-1,cSCI_7d_2,4686,2121,1,1,cSCI_7d
TGAATCGCACGCTGAC-1,cSCI_7d_2,7333,2810,1,1,cSCI_7d
TGAATCGGTACAACGG-1,cSCI_7d_2,11248,3739,0,0,cSCI_7d
TGAATCGGTCGATTAC-1,cSCI_7d_2,18660,4894,2,2,cSCI_7d
TGAATCGGTTAGTCGT-1,cSCI_7d_2,16493,4569,2,2,cSCI_7d
TGAATCGGTTCCCACT-1,cSCI_7d_2,15084,4017,2,2,cSCI_7d
TGAATCGTCTACTCAT-1,cSCI_7d_2,9856,3279,1,1,cSCI_7d
TGAATCGTCTCTTAAC-1,cSCI_7d_2,21695,4983,2,2,cSCI_7d
TGAATGCGTTTACCTT-1,cSCI_7d_2,9708,3522,1,1,cSCI_7d
TGACTCCAGTCAGCCC-1,cSCI_7d_2,12353,3526,1,1,cSCI_7d
TGAGACTAGCCTGCCA-1,cSCI_7d_2,16829,4301,2,2,cSCI_7d
TGAGCATCAACTGGTT-1,cSCI_7d_2,10537,3655,1,1,cSCI_7d
TGAGCATCACAAGGTG-1,cSCI_7d_2,21288,5068,2,2,cSCI_7d
TGAGCGCCAGTCTACA-1,cSCI_7d_2,12191,3765,2,2,cSCI_7d
TGAGGAGGTCTACACA-1,cSCI_7d_2,12089,4010,0,0,cSCI_7d
TGAGGAGTCTTAGCAG-1,cSCI_7d_2,21288,5068,2,2,cSCI_7d
TGAGGGACACCACTGG-1,cSCI_7d_2,10205,3367,2,2,cSCI_7d
TGAGGTTGTCCGACGT-1,cSCI_7d_2,18008,4664,0,0,cSCI_7d
TGATCTTAGCCAACCC-1,cSCI_7d_2,20892,5129,0,0,cSCI_7d
TGATCTTTCTCAAAGC-1,cSCI_7d_2,10427,3226,1,1,cSCI_7d
TGATGGTCACGTACAT-1,cSCI_7d_2,8846,3115,1,1,cSCI_7d
TGATGGTTCCACATAG-1,cSCI_7d_2,16533,4389,2,2,cSCI_7d
TGATGGTTCTCGTGAA-1,cSCI_7d_2,7246,2978,0,0,cSCI_7d
TGATTCTCAAAGGCTG-1,cSCI_7d_2,5680,2593,1,1,cSCI_7d
TGATTCTGTGTTCATG-1,cSCI_7d_2,19571,4817,2,2,cSCI_7d
TGATTCTTCGGTCGGT-1,cSCI_7d_2,4371,2063,1,1,cSCI_7d
TGATTTCAGGCATGCA-1,cSCI_7d_2,29150,5927,2,2,cSCI_7d
TGATTTCGTCCATACA-1,cSCI_7d_2,12715,3921,0,0,cSCI_7d
TGATTTCGTTGCGTAT-1,cSCI_7d_2,7636,2996,1,1,cSCI_7d
TGCACGGCACGCTATA-1,cSCI_7d_2,36209,6198,0,0,cSCI_7d
TGCACGGCAGTCGCTG-1,cSCI_7d_2,10894,3754,2,2,cSCI_7d
TGCAGGCCATCATCCC-1,cSCI_7d_2,6102,2205,1,1,cSCI_7d
TGCAGTAGTAGCGATG-1,cSCI_7d_2,6125,2707,1,1,cSCI_7d
TGCATCCCAGTCTTCC-1,cSCI_7d_2,29800,5684,2,2,cSCI_7d
TGCATCCGTAGCGTTT-1,cSCI_7d_2,12719,3988,0,0,cSCI_7d
TGCATCCGTGTGCCTG-1,cSCI_7d_2,11511,3952,1,1,cSCI_7d
TGCATGATCCAATCTT-1,cSCI_7d_2,9534,3228,1,1,cSCI_7d
TGCCGAGAGACAAGCC-1,cSCI_7d_2,13649,4150,0,0,cSCI_7d
TGCGACGAGTGAGGCT-1,cSCI_7d_2,4663,2157,2,2,cSCI_7d
TGCGACGCAAACCGGA-1,cSCI_7d_2,7776,3194,0,0,cSCI_7d
TGCGGCACATGGAGAC-1,cSCI_7d_2,12353,3863,0,0,cSCI_7d
TGCGGGTGTTCGATTG-1,cSCI_7d_2,5948,2798,1,1,cSCI_7d
TGCGGGTTCCATAAGC-1,cSCI_7d_2,10758,3357,1,1,cSCI_7d
TGCTCGTAGAAATTGC-1,cSCI_7d_2,23882,5329,0,0,cSCI_7d
TGCTGAAAGCAGTAAT-1,cSCI_7d_2,7534,2651,0,0,cSCI_7d
TGCTTCGAGGGCAATC-1,cSCI_7d_2,15238,4347,0,0,cSCI_7d
TGCTTCGAGGTTAGTA-1,cSCI_7d_2,5442,2441,1,1,cSCI_7d
TGCTTCGTCGAACACT-1,cSCI_7d_2,13085,3752,3,3,cSCI_7d
TGCTTGCCACGACAGA-1,cSCI_7d_2,4916,2170,1,1,cSCI_7d
TGCTTGCGTAGATTAG-1,cSCI_7d_2,11977,3924,0,0,cSCI_7d
TGGAACTCACAAGTGG-1,cSCI_7d_2,6585,2745,3,3,cSCI_7d
TGGAGAGCACGCTGCA-1,cSCI_7d_2,23191,5645,0,0,cSCI_7d
TGGAGGAAGTAGCATA-1,cSCI_7d_2,7306,2978,1,1,cSCI_7d
TGGATCAGTTAGAGAT-1,cSCI_7d_2,13261,4257,0,0,cSCI_7d
TGGATGTGTGTTACAC-1,cSCI_7d_2,7155,2981,2,2,cSCI_7d
TGGATGTTCATGACAC-1,cSCI_7d_2,19452,4825,2,2,cSCI_7d
TGGCGTGAGGTAGTAT-1,cSCI_7d_2,6066,2625,1,1,cSCI_7d
TGGCGTGCACTTGGGC-1,cSCI_7d_2,14228,4135,0,0,cSCI_7d
TGGCGTGGTATGCGTT-1,cSCI_7d_2,7711,3011,1,1,cSCI_7d
TGGCGTGTCCGTTTCG-1,cSCI_7d_2,5871,2847,1,1,cSCI_7d
TGGGAAGGTTCTCCCA-1,cSCI_7d_2,4790,2166,2,2,cSCI_7d
TGGGAAGTCTGGTGCG-1,cSCI_7d_2,9169,3499,2,2,cSCI_7d
TGGGATTGTGGCTGAA-1,cSCI_7d_2,5727,2470,1,1,cSCI_7d
TGGGATTGTTCGGCGT-1,cSCI_7d_2,17502,4706,0,0,cSCI_7d
TGGGATTTCCTTCTTC-1,cSCI_7d_2,20880,5306,0,0,cSCI_7d
TGGGCGTAGCTCAGAG-1,cSCI_7d_2,8642,3215,1,1,cSCI_7d
TGGGCGTCAATTGAAG-1,cSCI_7d_2,5021,2505,1,1,cSCI_7d
TGGGCGTCATTCAGCA-1,cSCI_7d_2,5181,2476,3,3,cSCI_7d
TGGGCTGGTTGGCTAT-1,cSCI_7d_2,8417,3072,1,1,cSCI_7d
TGGGCTGTCCCGAACG-1,cSCI_7d_2,13292,4273,1,1,cSCI_7d
TGGGTTAAGAATTTGG-1,cSCI_7d_2,5084,2359,1,1,cSCI_7d
TGGGTTAGTCTGTGGC-1,cSCI_7d_2,21274,5258,0,0,cSCI_7d
TGGTACAAGAAGCTCG-1,cSCI_7d_2,7199,2880,1,1,cSCI_7d
TGGTACACACTCGATA-1,cSCI_7d_2,8451,2964,1,1,cSCI_7d
TGGTAGTAGACTTCCA-1,cSCI_7d_2,7889,2975,1,1,cSCI_7d
TGGTGATCATGTGACT-1,cSCI_7d_2,5791,2530,0,0,cSCI_7d
TGGTGATGTAGCTTTG-1,cSCI_7d_2,10247,3477,2,2,cSCI_7d
TGGTTAGGTAGTTACC-1,cSCI_7d_2,19586,4761,0,0,cSCI_7d
TGGTTAGTCTCAGGCG-1,cSCI_7d_2,6892,2996,2,2,cSCI_7d
TGTAACGGTCGCATGC-1,cSCI_7d_2,7087,3074,1,1,cSCI_7d
TGTACAGAGGGTAATT-1,cSCI_7d_2,7138,2984,1,1,cSCI_7d
TGTACAGCACACCTTC-1,cSCI_7d_2,7661,2844,1,1,cSCI_7d
TGTAGACTCAGTGTGT-1,cSCI_7d_2,30501,6188,2,2,cSCI_7d
TGTAGACTCTAGACCA-1,cSCI_7d_2,8442,3335,1,1,cSCI_7d
TGTCAGATCTAAGCCA-1,cSCI_7d_2,16938,4574,0,0,cSCI_7d
TGTCCACAGGTTCTTG-1,cSCI_7d_2,7699,3059,1,1,cSCI_7d
TGTCCACCATAGGAGC-1,cSCI_7d_2,20240,4857,2,2,cSCI_7d
TGTCCCAGTCAACGCC-1,cSCI_7d_2,5735,2483,1,1,cSCI_7d
TGTCCTGGTTTGACAC-1,cSCI_7d_2,22433,5197,0,0,cSCI_7d
TGTCCTGTCCTAAACG-1,cSCI_7d_2,9927,3430,1,1,cSCI_7d
TGTGAGTGTGTCTTGA-1,cSCI_7d_2,4802,2355,1,1,cSCI_7d
TGTGATGGTAAGACCG-1,cSCI_7d_2,28180,5977,2,2,cSCI_7d
TGTGATGGTACAATAG-1,cSCI_7d_2,4950,2365,1,1,cSCI_7d
TGTGATGGTGGCGTAA-1,cSCI_7d_2,11569,3947,2,2,cSCI_7d
TGTGCGGCAGGATCTT-1,cSCI_7d_2,14485,4586,2,2,cSCI_7d
TGTGCGGGTGGATCGA-1,cSCI_7d_2,4641,2467,1,1,cSCI_7d
TGTGGCGCAACATACC-1,cSCI_7d_2,10812,3604,0,0,cSCI_7d
TGTTACTCAACGATCT-1,cSCI_7d_2,6480,2570,1,1,cSCI_7d
TGTTCATAGAGGATCC-1,cSCI_7d_2,5156,2417,1,1,cSCI_7d
TGTTCATCACTTCTCG-1,cSCI_7d_2,5988,2557,2,2,cSCI_7d
TGTTCCGCAGGAGGAG-1,cSCI_7d_2,9610,3557,2,2,cSCI_7d
TGTTCTACAGGTCAAG-1,cSCI_7d_2,4928,2411,1,1,cSCI_7d
TGTTGAGCAAACTCTG-1,cSCI_7d_2,5802,2547,0,0,cSCI_7d
TGTTGAGGTAGCGTCC-1,cSCI_7d_2,15812,4622,0,0,cSCI_7d
TGTTGAGGTGAACCGA-1,cSCI_7d_2,21574,5364,2,2,cSCI_7d
TGTTGGAAGACGCCCT-1,cSCI_7d_2,12899,4125,2,2,cSCI_7d
TGTTGGATCTCGTTTA-1,cSCI_7d_2,8736,3364,0,0,cSCI_7d
TGTTTGTTCCGCTGTT-1,cSCI_7d_2,17363,4645,0,0,cSCI_7d
TGTTTGTTCGCAGTTA-1,cSCI_7d_2,8717,3285,2,2,cSCI_7d
TTAATCCAGGCGCTTC-1,cSCI_7d_2,28925,5689,0,0,cSCI_7d
TTAATCCCATTCTCCG-1,cSCI_7d_2,12805,3713,3,3,cSCI_7d
TTACAGGCACTACACA-1,cSCI_7d_2,16832,4240,0,0,cSCI_7d
TTACAGGCATGCCGGT-1,cSCI_7d_2,17994,4508,2,2,cSCI_7d
TTACCATGTACAAACA-1,cSCI_7d_2,10712,3537,1,1,cSCI_7d
TTACCATGTCGTGATT-1,cSCI_7d_2,6746,2857,3,3,cSCI_7d
TTACCATTCACCATCC-1,cSCI_7d_2,10030,3097,0,0,cSCI_7d
TTACCATTCTTTGATC-1,cSCI_7d_2,11951,3471,3,3,cSCI_7d
TTACCGCAGCGGGTTA-1,cSCI_7d_2,14808,4173,3,3,cSCI_7d
TTACCGCGTTGGTGTT-1,cSCI_7d_2,7474,2990,0,0,cSCI_7d
TTACGCCGTTACCCAA-1,cSCI_7d_2,8910,3287,1,1,cSCI_7d
TTACGCCTCGGTCATA-1,cSCI_7d_2,7485,2883,1,1,cSCI_7d
TTACGTTAGGGAGATA-1,cSCI_7d_2,18067,5969,1,1,cSCI_7d
TTACGTTCACGCGCTA-1,cSCI_7d_2,25673,5595,0,0,cSCI_7d
TTACGTTGTCAGGTAG-1,cSCI_7d_2,17763,4929,2,2,cSCI_7d
TTACGTTTCTTTGATC-1,cSCI_7d_2,23653,5179,2,2,cSCI_7d
TTACTGTGTACCCACG-1,cSCI_7d_2,8823,3097,1,1,cSCI_7d
TTACTGTTCTAGTGAC-1,cSCI_7d_2,15637,4733,0,0,cSCI_7d
TTAGGCAAGTGTGTTC-1,cSCI_7d_2,5444,2597,1,1,cSCI_7d
TTAGGCACAGGGCTTC-1,cSCI_7d_2,6653,3139,3,3,cSCI_7d
TTAGGGTAGACTTCAC-1,cSCI_7d_2,11102,3472,0,0,cSCI_7d
TTAGGGTAGAGCCGAT-1,cSCI_7d_2,14199,4399,2,2,cSCI_7d
TTAGTCTAGGGATCTG-1,cSCI_7d_2,10944,3854,0,0,cSCI_7d
TTAGTCTCAAGTGTCT-1,cSCI_7d_2,32186,6219,0,0,cSCI_7d
TTCAATCCACAGTGTT-1,cSCI_7d_2,29194,5730,2,2,cSCI_7d
TTCAATCTCCAATCCC-1,cSCI_7d_2,15562,3461,2,2,cSCI_7d
TTCACCGGTATTGAGA-1,cSCI_7d_2,5045,2234,2,2,cSCI_7d
TTCACCGTCTACACAG-1,cSCI_7d_2,24012,5413,2,2,cSCI_7d
TTCACGCCAAGTACCT-1,cSCI_7d_2,12071,3756,0,0,cSCI_7d
TTCACGCTCTAGACCA-1,cSCI_7d_2,21378,4930,0,0,cSCI_7d
TTCAGGAAGACGTCGA-1,cSCI_7d_2,5014,2400,3,3,cSCI_7d
TTCAGGACAGAGAGGG-1,cSCI_7d_2,15706,4828,0,0,cSCI_7d
TTCAGGACATAATGCC-1,cSCI_7d_2,14242,4148,0,0,cSCI_7d
TTCAGGAGTTTGTGGT-1,cSCI_7d_2,7309,3063,1,1,cSCI_7d
TTCATGTTCAAGCCGC-1,cSCI_7d_2,17897,4246,3,3,cSCI_7d
TTCATTGAGTTACTCG-1,cSCI_7d_2,8380,3463,1,1,cSCI_7d
TTCATTGCAGCTTCCT-1,cSCI_7d_2,23985,5363,0,0,cSCI_7d
TTCATTGCAGTCAACT-1,cSCI_7d_2,11260,3335,1,1,cSCI_7d
TTCATTGTCCTTGACC-1,cSCI_7d_2,15332,3862,3,3,cSCI_7d
TTCCAATCACGTCTCT-1,cSCI_7d_2,27272,5401,2,2,cSCI_7d
TTCCAATCAGGGTCTC-1,cSCI_7d_2,18106,4322,2,2,cSCI_7d
TTCCACGGTATTTCGG-1,cSCI_7d_2,7052,2744,1,1,cSCI_7d
TTCCACGTCCGACAGC-1,cSCI_7d_2,15006,4255,0,0,cSCI_7d
TTCCGGTAGTTACGAA-1,cSCI_7d_2,16002,4582,0,0,cSCI_7d
TTCCGGTCAATTTCTC-1,cSCI_7d_2,8797,2401,3,3,cSCI_7d
TTCCGGTGTAATCAGA-1,cSCI_7d_2,7971,2792,0,0,cSCI_7d
TTCCGGTGTGGTCAAG-1,cSCI_7d_2,6750,2798,1,1,cSCI_7d
TTCCGGTGTGGTCTAT-1,cSCI_7d_2,7218,2909,0,0,cSCI_7d
TTCCGGTTCTGCGATA-1,cSCI_7d_2,20960,4899,2,2,cSCI_7d
TTCCGTGTCGTCCATC-1,cSCI_7d_2,25479,5607,2,2,cSCI_7d
TTCCTAACACTATCGA-1,cSCI_7d_2,21564,4713,1,1,cSCI_7d
TTCCTAACAGGAACCA-1,cSCI_7d_2,14693,4116,2,2,cSCI_7d
TTCCTAAGTCGATTCA-1,cSCI_7d_2,33457,6050,2,2,cSCI_7d
TTCCTCTCACTCCTGT-1,cSCI_7d_2,8713,3041,1,1,cSCI_7d
TTCCTCTGTTGAATCC-1,cSCI_7d_2,23631,5064,0,0,cSCI_7d
TTCCTTCGTTCGCGTG-1,cSCI_7d_2,8322,3033,1,1,cSCI_7d
TTCCTTCTCCTAAGTG-1,cSCI_7d_2,22504,4840,2,2,cSCI_7d
TTCGATTTCACATTGG-1,cSCI_7d_2,27928,5686,2,2,cSCI_7d
TTCGATTTCACTGGGC-1,cSCI_7d_2,8919,2958,1,1,cSCI_7d
TTCGATTTCGTTTACT-1,cSCI_7d_2,15434,4136,2,2,cSCI_7d
TTCGCTGCACAAGGTG-1,cSCI_7d_2,9549,3258,1,1,cSCI_7d
TTCGCTGCACCAGACC-1,cSCI_7d_2,14927,3974,1,1,cSCI_7d
TTCGCTGCAGGTGTTT-1,cSCI_7d_2,14566,4085,0,0,cSCI_7d
TTCGGTCAGGCAGGGA-1,cSCI_7d_2,11225,3875,0,0,cSCI_7d
TTCGGTCGTTATCTGG-1,cSCI_7d_2,9257,3261,1,1,cSCI_7d
TTCGGTCTCAATCTCT-1,cSCI_7d_2,6894,2774,0,0,cSCI_7d
TTCTAACTCTGCTTAT-1,cSCI_7d_2,26682,5437,2,2,cSCI_7d
TTCTAGTTCCGTGACG-1,cSCI_7d_2,15461,4234,0,0,cSCI_7d
TTCTGTAAGCAATAAC-1,cSCI_7d_2,10225,3663,0,0,cSCI_7d
TTGAACGGTCCCTCAT-1,cSCI_7d_2,12151,3803,3,3,cSCI_7d
TTGACCCGTCCACAGC-1,cSCI_7d_2,32495,6148,2,2,cSCI_7d
TTGACCCGTGAGCTCC-1,cSCI_7d_2,8134,3041,1,1,cSCI_7d
TTGACCCTCAATCAGC-1,cSCI_7d_2,28855,6711,0,0,cSCI_7d
TTGAGTGCAGTCTACA-1,cSCI_7d_2,18097,4556,0,0,cSCI_7d
TTGATGGCATAAGCGG-1,cSCI_7d_2,8117,3034,1,1,cSCI_7d
TTGATGGGTAGATCCT-1,cSCI_7d_2,3986,2128,1,1,cSCI_7d
TTGCATTCAATCTCGA-1,cSCI_7d_2,6399,2585,1,1,cSCI_7d
TTGCATTGTCAAGCCC-1,cSCI_7d_2,9449,3394,1,1,cSCI_7d
TTGCCTGAGGCTTCCG-1,cSCI_7d_2,15379,4249,1,1,cSCI_7d
TTGCCTGAGTGTAGAT-1,cSCI_7d_2,6066,2868,1,1,cSCI_7d
TTGCCTGCAGTTGAAA-1,cSCI_7d_2,7189,2893,1,1,cSCI_7d
TTGCCTGTCGTAGCTA-1,cSCI_7d_2,11158,3528,3,3,cSCI_7d
TTGCCTGTCTCGGTCT-1,cSCI_7d_2,23577,5158,0,0,cSCI_7d
TTGCTGCTCGTTCATT-1,cSCI_7d_2,12345,4049,1,1,cSCI_7d
TTGGATGAGAAGCCAC-1,cSCI_7d_2,13272,4044,0,0,cSCI_7d
TTGGGATGTGTACAGG-1,cSCI_7d_2,15206,4620,0,0,cSCI_7d
TTGGGCGAGATCCCGC-1,cSCI_7d_2,12604,3824,1,1,cSCI_7d
TTGGGCGTCTGGGTCG-1,cSCI_7d_2,11707,3989,0,0,cSCI_7d
TTGGTTTTCTAGTTCT-1,cSCI_7d_2,9098,2837,1,1,cSCI_7d
TTGTGGAAGGGACCAT-1,cSCI_7d_2,6175,2608,0,0,cSCI_7d
TTGTTGTCATGCAGGA-1,cSCI_7d_2,4391,2314,1,1,cSCI_7d
TTGTTTGTCGGTCGAC-1,cSCI_7d_2,8626,3028,3,3,cSCI_7d
TTTACCAAGGCAGGGA-1,cSCI_7d_2,12065,4220,0,0,cSCI_7d
TTTACGTGTGAGTTTC-1,cSCI_7d_2,27757,5721,2,2,cSCI_7d
TTTAGTCCAGTCACGC-1,cSCI_7d_2,17051,4448,0,0,cSCI_7d
TTTAGTCCATTGCTGA-1,cSCI_7d_2,4460,2006,2,2,cSCI_7d
TTTAGTCGTAAGAACT-1,cSCI_7d_2,6374,3241,1,1,cSCI_7d
TTTATGCTCCAACACA-1,cSCI_7d_2,11563,3494,1,1,cSCI_7d
TTTCACATCTAGCCAA-1,cSCI_7d_2,24693,5443,0,0,cSCI_7d
TTTCAGTCATTGTACG-1,cSCI_7d_2,9915,3452,2,2,cSCI_7d
TTTCAGTTCCTCACGT-1,cSCI_7d_2,31275,5615,0,0,cSCI_7d
TTTCATGCACTTGAGT-1,cSCI_7d_2,14771,4299,0,0,cSCI_7d
TTTCATGCAGGGAATC-1,cSCI_7d_2,18708,4431,0,0,cSCI_7d
TTTCCTCTCCTGCTAC-1,cSCI_7d_2,29783,5609,0,0,cSCI_7d
TTTCGATAGATGTTGA-1,cSCI_7d_2,21148,5343,0,0,cSCI_7d
TTTCGATAGATTCGCT-1,cSCI_7d_2,36505,6302,0,0,cSCI_7d
TTTCGATCAGCGTATT-1,cSCI_7d_2,12020,3730,2,2,cSCI_7d
TTTCGATTCGAACGCC-1,cSCI_7d_2,27204,5736,0,0,cSCI_7d
TTTGATCAGCAAATCA-1,cSCI_7d_2,14435,4249,0,0,cSCI_7d
TTTGATCAGGCTAACG-1,cSCI_7d_2,18536,4841,2,2,cSCI_7d
TTTGGAGCAATGTTGC-1,cSCI_7d_2,7630,3121,2,2,cSCI_7d
TTTGGAGCACGACAAG-1,cSCI_7d_2,20559,5152,0,0,cSCI_7d
TTTGGAGTCCGGCAAC-1,cSCI_7d_2,15803,4448,1,1,cSCI_7d
TTTGGTTTCCTACGAA-1,cSCI_7d_2,21300,4841,0,0,cSCI_7d
TTTGTTGGTGGTTTGT-1,cSCI_7d_2,11082,3833,0,0,cSCI_7d
